item_id,order_id,product_id,quantity,unit_price,discount_percent
1,893,185,2,39903,4
2,543,289,2,1986,38
3,487,230,2,17341,4
4,82,127,5,49734,17
5,657,470,4,10305,2
6,105,271,5,49752,33
7,346,462,4,15044,23
8,641,175,2,18555,44
9,507,489,4,9814,23
10,825,7,3,9959,38
11,855,106,4,17481,32
12,828,323,4,3430,49
13,989,238,3,42721,8
14,984,74,4,49490,39
15,10,144,3,25717,19
16,902,113,1,18485,36
17,546,198,3,12429,18
18,775,168,1,8060,32
19,149,262,3,21275,32
20,109,347,1,5927,24
21,603,374,1,25783,46
22,736,447,4,18985,22
23,155,318,2,29094,39
24,330,308,3,40652,21
25,809,351,2,14980,36
26,498,410,2,10413,27
27,521,151,1,5895,42
28,741,282,2,22191,8
29,30,230,4,43766,49
30,645,114,2,30911,10
31,164,459,5,22014,41
32,416,459,5,36377,24
33,612,143,1,8223,11
34,984,32,3,28245,34
35,335,172,1,1301,36
36,64,208,5,1175,42
37,717,250,3,15967,4
38,581,63,1,24367,32
39,579,249,4,20331,46
40,116,117,1,17556,50
41,429,123,1,33424,26
42,467,254,2,35040,45
43,685,145,5,35150,11
44,545,119,1,23384,8
45,49,129,2,11803,16
46,380,121,5,10489,8
47,524,312,4,15958,27
48,160,309,2,45103,13
49,185,296,5,44089,16
50,446,372,4,8326,7
51,607,175,-2,32854,15
52,810,414,2,45779,18
53,520,66,-1,13132,29
54,185,50,2,40567,3
55,794,287,3,28575,46
56,284,289,1,7876,16
57,205,53,5,47071,37
58,674,5,5,29377,10
59,549,242,2,45494,40
60,798,119,4,2868,27
61,130,114,4,5508,10
62,141,177,4,35899,12
63,290,157,4,6951,3
64,638,85,4,16049,39
65,401,311,1,1507,13
66,399,300,3,27469,28
67,92,40,1,23922,8
68,217,485,5,26819,44
69,1018,369,1,23034,19
70,346,170,2,20979,11
71,494,271,2,47275,20
72,447,374,4,22103,34
73,202,300,4,12150,27
74,593,310,2,43364,10
75,841,410,4,41222,33
76,753,446,1,2337,36
77,280,385,4,7412,41
78,651,231,2,4164,28
79,149,213,5,36875,11
80,860,242,5,34350,0
81,17,44,3,4066,2
82,983,155,4,29997,10
83,423,248,5,47483,27
84,437,327,2,27702,34
85,956,57,1,21155,29
86,956,408,2,23164,15
87,975,1,1,31782,32
88,488,128,1,47383,0
89,728,2,1,36138,33
90,834,465,4,42110,26
91,24,23,5,21635,10
92,552,143,5,6543,33
93,201,74,5,40541,31
94,616,111,1,40583,24
95,1016,16,3,3452,33
96,580,430,1,1347,33
97,839,167,5,12531,32
98,467,210,4,21031,35
99,324,279,2,36939,39
100,393,473,5,8831,30
101,299,454,3,43202,1
102,606,250,5,41657,44
103,412,298,2,5682,4
104,574,446,1,10290,24
105,718,304,3,35085,40
106,79,385,4,46897,36
107,504,25,4,42745,30
108,359,341,5,46145,29
109,111,467,5,8484,15
110,517,411,1,37970,10
111,727,238,-4,35351,17
112,290,146,2,35530,30
113,194,441,2,46522,50
114,24,326,4,30886,12
115,157,196,3,7207,11
116,617,227,2,46497,47
117,323,268,3,28599,3
118,20,247,1,16883,16
119,781,75,1,15252,33
120,125,206,2,41228,12
121,518,243,4,17255,34
122,234,451,5,21527,17
123,171,355,1,34027,28
124,57,36,5,43044,17
125,118,179,3,5104,44
126,189,113,5,49995,22
127,166,232,4,17989,27
128,863,328,5,23331,37
129,494,63,3,45474,23
130,986,309,1,38733,50
131,74,39,5,7533,26
132,752,275,2,48023,18
133,438,284,2,27276,33
134,43,391,5,36729,13
135,112,205,4,9451,6
136,134,450,1,35147,49
137,1010,327,2,3651,32
138,851,79,1,16083,30
139,217,432,3,34968,45
140,747,214,2,3968,1
141,922,252,4,20551,47
142,322,256,4,33889,40
143,19,46,2,32946,39
144,11,287,1,8656,0
145,996,101,3,42703,22
146,87,418,1,24681,12
147,325,144,5,49392,27
148,999,96,5,10920,30
149,577,476,-2,20718,1
150,156,319,4,2298,47
151,364,262,2,17317,31
152,40,413,5,22086,13
153,726,111,3,45813,45
154,687,477,3,13701,26
155,481,399,1,9969,37
156,344,384,1,24630,47
157,553,274,4,41212,42
158,130,464,3,1351,18
159,761,334,1,47691,7
160,286,154,5,3939,49
161,995,110,3,46532,24
162,858,205,4,45336,49
163,646,261,5,23667,34
164,1015,466,1,24069,42
165,429,422,1,23989,29
166,53,362,4,1162,15
167,416,26,4,31085,27
168,344,417,5,44255,25
169,496,286,1,3440,33
170,137,338,5,24824,38
171,907,371,3,42330,36
172,960,199,3,25201,18
173,461,75,2,33711,13
174,990,401,2,28713,35
175,168,272,3,2411,31
176,779,95,2,40657,33
177,403,193,4,23346,16
178,844,49,5,36732,21
179,91,249,3,48386,42
180,614,161,2,10568,26
181,226,339,1,44335,30
182,665,91,3,42249,45
183,459,159,3,49271,12
184,745,10,2,7520,37
185,739,65,5,27272,45
186,738,223,4,9251,39
187,936,297,5,32211,31
188,148,226,5,32920,20
189,998,352,5,1041,28
190,901,3,1,30152,27
191,452,11,3,40074,8
192,710,86,2,47999,42
193,186,327,1,48094,28
194,592,327,4,44877,28
195,920,73,4,19451,40
196,956,184,2,18342,39
197,195,89,4,7975,42
198,98,231,1,3748,38
199,245,84,5,13067,14
200,257,237,1,39965,0
201,893,486,1,10821,16
202,677,189,4,21012,20
203,600,280,2,38595,23
204,853,396,2,33763,0
205,550,194,2,45169,6
206,822,169,5,31077,3
207,742,302,3,35701,42
208,1010,228,1,32181,10
209,797,394,4,38704,18
210,16,405,1,11838,18
211,571,383,5,19058,24
212,351,166,1,48504,47
213,67,373,1,32817,23
214,660,264,4,25058,47
215,471,340,4,17713,8
216,304,339,2,43444,30
217,972,151,2,13244,0
218,970,20,2,24026,12
219,141,469,2,42267,27
220,560,304,2,30639,0
221,738,327,4,31633,34
222,564,488,4,16360,2
223,499,150,3,49518,32
224,980,403,5,23438,28
225,727,236,3,13838,6
226,880,112,1,46093,21
227,819,243,3,24795,5
228,107,111,2,9733,41
229,706,81,4,34062,0
230,91,228,2,45215,36
231,420,19,3,11685,35
232,502,170,2,2716,43
233,738,362,5,37310,21
234,527,480,3,29445,28
235,464,214,2,43865,15
236,11,387,1,42412,18
237,745,155,4,10983,40
238,947,108,1,44244,23
239,729,176,2,37250,20
240,505,137,4,46910,45
241,572,477,2,39572,26
242,787,109,2,9421,50
243,398,88,4,49235,45
244,759,191,5,4208,1
245,394,66,4,19014,16
246,837,299,2,5124,46
247,1007,166,5,17886,21
248,477,48,4,33522,48
249,413,228,1,22068,13
250,563,30,4,33310,22
251,126,34,5,25860,8
252,367,26,2,12915,40
253,991,364,3,39512,24
254,624,255,1,23394,16
255,176,58,-1,43986,22
256,848,23,5,11169,1
257,184,36,4,29074,50
258,977,57,2,42052,13
259,97,496,5,30451,11
260,34,79,3,44952,19
261,471,111,4,3712,43
262,930,77,1,49180,50
263,428,368,3,44755,14
264,552,47,3,8874,49
265,261,177,5,19198,43
266,242,423,4,2055,29
267,855,325,2,22879,46
268,838,101,3,18735,14
269,629,408,1,28806,30
270,335,32,5,33277,41
271,236,453,2,3816,28
272,630,297,-5,33552,25
273,711,30,3,34102,1
274,984,151,1,18802,34
275,85,76,4,26369,21
276,494,232,5,32077,48
277,56,193,1,39747,30
278,363,443,5,36697,11
279,552,167,5,40924,15
280,891,66,2,29794,34
281,109,443,2,4644,50
282,936,77,2,19156,6
283,451,288,3,5291,11
284,940,295,2,28584,10
285,12,438,1,47713,37
286,5,384,4,29753,35
287,120,290,4,40001,30
288,242,342,5,24236,19
289,579,299,2,30952,26
290,236,13,4,34826,38
291,586,212,3,17873,18
292,625,254,1,24059,32
293,239,152,5,38490,7
294,26,190,1,21987,34
295,495,431,2,2997,2
296,359,158,5,1631,21
297,383,188,5,22273,29
298,218,437,1,28122,26
299,734,384,2,9358,49
300,451,272,3,45357,12
301,380,248,4,19660,49
302,296,224,5,10842,38
303,339,25,-5,13274,10
304,911,27,5,24804,37
305,673,363,1,43899,40
306,46,180,5,47126,47
307,418,466,3,20686,7
308,965,105,4,7078,18
309,314,305,1,25806,41
310,383,161,3,41710,34
311,48,34,4,28375,49
312,707,282,3,8542,18
313,756,228,5,35539,25
314,948,92,5,34716,40
315,292,315,1,24899,50
316,625,366,-4,20212,19
317,619,243,3,19084,44
318,206,164,1,3083,42
319,766,282,4,32132,32
320,614,57,2,12485,0
321,161,329,1,35621,16
322,116,116,5,32365,19
323,803,475,1,2762,8
324,862,203,2,524,24
325,340,8,4,33477,14
326,615,31,2,37481,12
327,236,306,1,4472,48
328,833,314,1,10726,33
329,749,474,3,35354,27
330,880,488,3,18838,46
331,499,153,4,12669,6
332,22,262,2,41322,17
333,605,433,1,748,47
334,368,30,5,10933,8
335,822,196,3,22401,14
336,619,478,5,8150,39
337,732,43,5,46241,4
338,196,436,1,47664,39
339,313,333,5,18506,12
340,405,236,3,20572,24
341,554,298,2,40759,31
342,362,175,2,14631,0
343,702,32,5,27506,1
344,526,364,4,21028,16
345,809,26,2,17013,29
346,309,451,2,15365,3
347,355,351,5,35451,34
348,123,473,2,38439,40
349,563,200,4,48568,10
350,379,326,3,1423,33
351,627,50,1,31830,45
352,378,105,5,19927,2
353,2,103,5,45028,50
354,126,476,2,42884,29
355,801,351,3,3200,50
356,413,434,3,22409,40
357,420,303,1,8302,21
358,549,104,5,29998,15
359,20,490,4,36017,24
360,730,252,4,40497,48
361,312,136,2,35362,39
362,970,20,4,14558,2
363,936,68,2,49197,46
364,408,306,1,45998,5
365,916,190,5,10555,23
366,884,215,4,16924,30
367,868,492,2,1019,24
368,716,78,-5,34010,43
369,948,370,2,40550,28
370,225,493,3,15082,0
371,610,308,4,44184,4
372,495,61,3,47970,17
373,679,218,4,35900,2
374,712,88,3,38727,48
375,809,386,1,48228,13
376,165,349,4,4446,49
377,819,383,3,31692,36
378,140,94,5,43747,5
379,830,378,3,33329,27
380,991,321,4,23880,7
381,164,103,4,3556,23
382,111,337,-2,38935,10
383,526,194,-1,31327,29
384,531,312,3,27022,31
385,599,125,1,27680,5
386,36,194,3,18100,13
387,313,457,5,44604,10
388,751,142,2,38245,10
389,257,227,4,14883,14
390,362,52,1,43827,30
391,436,107,5,41111,29
392,749,410,5,6466,15
393,387,384,5,14654,12
394,915,414,5,23902,39
395,509,444,3,13166,45
396,648,455,3,34230,45
397,577,378,3,15924,12
398,842,323,1,3333,24
399,219,221,3,41876,33
400,110,224,3,1178,44
401,470,453,4,45728,41
402,862,149,4,27787,46
403,780,92,2,38556,41
404,609,327,2,44352,18
405,852,414,3,3734,47
406,154,161,2,7878,20
407,74,210,3,20085,31
408,652,211,3,19931,10
409,481,103,5,37137,44
410,22,6,1,38988,10
411,976,206,3,19896,40
412,685,105,4,6369,11
413,624,364,1,34251,0
414,985,26,2,4390,42
415,741,366,1,39429,27
416,819,392,4,45421,18
417,936,313,3,24864,7
418,114,343,4,10939,5
419,159,103,3,2933,7
420,449,264,2,18252,13
421,32,16,2,28880,31
422,532,475,5,36282,5
423,616,9,3,19811,34
424,647,133,1,25001,0
425,174,397,2,33965,46
426,259,475,5,17791,31
427,751,492,4,796,25
428,256,354,3,21140,5
429,685,104,2,48157,27
430,369,33,3,24326,29
431,233,161,2,33381,25
432,310,175,4,13633,39
433,486,72,1,39452,19
434,107,275,1,49019,45
435,781,357,5,12224,7
436,971,159,5,20718,7
437,274,200,5,19594,15
438,78,369,3,32321,18
439,647,255,5,23303,24
440,190,238,4,11984,36
441,729,354,5,18678,38
442,385,101,5,18414,46
443,552,391,2,29616,42
444,996,121,1,29883,36
445,685,17,3,24007,10
446,427,179,5,25765,24
447,743,339,1,10588,42
448,219,46,2,11243,43
449,566,114,5,5310,41
450,850,119,5,4944,49
451,177,422,1,37070,39
452,759,13,2,44680,49
453,615,307,-4,45102,34
454,860,95,3,27975,40
455,743,161,2,20535,23
456,376,456,2,10551,32
457,196,447,3,11102,46
458,258,24,3,12817,17
459,777,341,1,44601,9
460,74,421,-2,1671,21
461,780,64,3,4882,41
462,415,311,3,44523,36
463,371,125,4,25169,34
464,663,63,2,4862,17
465,170,259,2,19322,45
466,363,151,5,48818,18
467,433,238,2,36493,48
468,38,391,3,45677,37
469,287,75,1,40987,47
470,700,443,2,9959,39
471,250,283,1,4656,13
472,437,493,5,28217,17
473,841,304,3,999,17
474,195,491,5,44522,34
475,918,339,1,43033,20
476,866,36,2,32019,47
477,272,392,4,42996,33
478,771,114,5,8613,41
479,939,188,3,17827,48
480,872,342,1,693,31
481,746,178,5,11690,36
482,369,74,5,29850,22
483,59,442,2,48879,10
484,344,469,1,47617,46
485,436,24,3,32948,27
486,142,316,5,3008,32
487,148,25,5,15349,44
488,792,368,5,49314,49
489,21,211,5,33410,29
490,699,445,2,18613,38
491,649,393,5,25407,6
492,300,82,1,19565,43
493,865,216,1,48418,38
494,857,64,5,630,49
495,177,177,1,5695,40
496,572,470,-5,30663,19
497,115,367,4,29385,33
498,69,399,3,36664,5
499,98,107,5,48272,6
500,592,493,4,11090,9
501,153,236,3,27782,8
502,504,373,1,13316,30
503,917,279,2,28994,32
504,869,36,1,41001,12
505,432,252,1,35625,26
506,634,13,2,48318,6
507,373,35,1,48538,7
508,123,366,4,38072,26
509,238,35,4,20650,25
510,704,338,3,18242,7
511,12,462,1,38430,50
512,554,148,1,45998,32
513,444,249,3,13293,46
514,1011,166,3,39155,45
515,886,247,2,5621,14
516,273,314,4,30635,28
517,935,429,2,274,18
518,894,134,4,14031,31
519,376,367,1,21715,12
520,926,399,4,26137,49
521,181,170,5,48727,2
522,393,196,1,39292,30
523,674,393,5,39062,36
524,345,383,2,35565,7
525,203,255,5,31213,29
526,912,371,4,16110,2
527,698,37,2,17149,35
528,248,91,4,21089,33
529,819,104,2,6732,4
530,658,414,2,42528,23
531,919,107,1,32747,20
532,778,412,5,32776,37
533,383,5,4,35317,31
534,535,298,1,1810,28
535,713,72,3,13338,10
536,327,368,5,35461,21
537,345,380,3,48639,26
538,532,251,3,17815,11
539,915,473,1,46559,19
540,926,132,4,49473,13
541,542,452,4,12621,45
542,72,382,1,3175,25
543,99,248,5,13586,49
544,951,376,4,29395,38
545,704,40,2,1036,9
546,502,28,5,17444,16
547,516,98,3,37103,15
548,662,181,2,48071,42
549,313,16,2,41287,21
550,547,140,2,12653,42
551,541,245,4,25131,29
552,196,157,5,10512,31
553,920,327,3,28484,41
554,24,263,2,15952,18
555,982,319,2,16679,49
556,934,470,2,37351,30
557,281,457,5,34811,1
558,844,161,4,23473,50
559,83,378,1,31341,30
560,714,13,5,4708,20
561,894,236,1,21217,30
562,831,292,4,5177,31
563,628,103,1,43652,42
564,893,106,4,31785,18
565,60,284,1,43636,22
566,151,470,2,39029,27
567,405,373,5,32289,48
568,713,390,5,33754,25
569,232,220,5,5211,24
570,495,7,3,49457,18
571,4,125,5,20222,40
572,593,239,3,33266,49
573,173,303,3,1860,46
574,533,428,2,45442,6
575,772,208,5,16219,21
576,807,122,1,37896,47
577,533,170,3,24807,20
578,317,247,4,18374,43
579,198,417,3,39327,49
580,17,434,1,15022,45
581,934,437,4,26678,40
582,566,16,3,3275,18
583,845,72,1,14243,40
584,950,465,5,29128,2
585,349,52,4,20259,45
586,790,315,1,28934,37
587,497,152,2,19292,49
588,681,193,1,1136,12
589,375,191,2,229,44
590,788,33,5,12661,30
591,919,119,5,25601,31
592,264,410,1,32457,23
593,217,148,2,39279,6
594,479,219,2,12508,3
595,245,369,5,1592,40
596,255,61,2,28061,28
597,208,168,3,23479,36
598,524,260,3,38892,32
599,836,416,4,3577,16
600,154,456,-1,9355,3
601,468,159,1,47324,10
602,745,347,5,37529,18
603,467,376,4,41538,12
604,673,441,3,7986,49
605,379,292,2,36485,36
606,453,469,1,18311,48
607,148,265,2,26818,5
608,957,67,2,11459,27
609,466,4,5,390,16
610,662,425,5,38149,29
611,439,478,2,27786,2
612,336,416,1,32421,15
613,227,159,1,35291,37
614,666,457,2,5050,46
615,147,143,3,3687,7
616,861,298,3,39751,16
617,519,238,5,6544,8
618,369,264,1,40777,10
619,170,173,4,13745,35
620,532,164,4,43252,36
621,757,14,2,28308,27
622,772,481,5,13991,29
623,221,142,3,19225,0
624,18,414,3,1481,27
625,152,167,4,47143,14
626,270,428,5,14975,16
627,289,463,4,21857,28
628,82,99,2,28078,2
629,951,480,2,28337,6
630,885,500,5,10721,10
631,653,174,-3,34361,41
632,432,43,1,35925,29
633,866,94,5,21185,22
634,256,127,2,47994,41
635,198,246,3,21159,23
636,39,493,1,4548,40
637,14,11,5,26723,34
638,141,69,2,10941,26
639,98,119,2,12010,34
640,403,466,4,35931,6
641,822,420,5,13170,20
642,173,57,4,32896,9
643,406,182,-3,31232,27
644,973,448,4,18474,16
645,300,329,2,27508,14
646,154,317,3,17234,43
647,631,366,5,1483,42
648,655,105,1,34531,8
649,362,343,5,35257,4
650,457,499,2,45595,14
651,426,458,3,29910,32
652,140,200,2,45910,27
653,179,461,3,21336,44
654,534,214,1,25302,3
655,561,321,4,17236,37
656,420,215,2,22154,45
657,492,179,1,20322,28
658,404,135,5,48791,45
659,976,359,4,23115,39
660,110,106,4,7996,1
661,499,4,4,10220,13
662,76,445,5,13970,9
663,52,32,3,5387,14
664,272,438,1,22137,10
665,408,210,2,14914,35
666,855,79,1,21200,40
667,928,348,3,41372,36
668,537,253,1,47724,25
669,211,439,2,25575,9
670,1000,160,-2,2367,7
671,898,316,1,14032,24
672,445,10,5,37039,25
673,948,284,5,33870,3
674,63,363,3,43604,8
675,714,221,3,26315,37
676,991,356,4,45328,32
677,893,83,4,8154,4
678,923,442,3,10164,17
679,155,205,4,44990,48
680,716,375,1,27831,48
681,333,328,1,7479,37
682,26,88,1,36505,50
683,454,397,-2,42167,11
684,801,271,2,6321,33
685,442,257,1,43079,8
686,269,383,3,13407,22
687,963,79,3,11798,15
688,571,272,3,30598,4
689,732,248,5,44982,3
690,551,97,1,39129,32
691,380,50,5,32361,43
692,490,297,3,22838,29
693,746,341,2,30219,42
694,954,48,1,8005,17
695,724,256,5,16474,5
696,677,408,5,45667,23
697,167,118,2,15560,45
698,358,495,1,49330,8
699,148,368,3,25246,34
700,535,473,2,1368,7
701,69,332,4,30823,16
702,254,334,-4,43066,34
703,466,168,4,12654,25
704,641,477,3,10098,15
705,864,256,2,1041,47
706,789,95,4,46132,29
707,923,206,5,35563,44
708,402,203,3,6998,49
709,785,100,4,16809,3
710,225,439,1,46510,38
711,369,261,1,37065,48
712,692,499,3,18225,24
713,84,358,3,43135,16
714,997,403,2,27757,13
715,974,261,4,20945,18
716,365,241,2,32683,37
717,653,64,3,19647,10
718,102,102,3,19072,38
719,606,203,3,2981,46
720,692,101,1,16818,24
721,521,74,1,4743,10
722,303,131,2,6048,32
723,615,13,2,43807,33
724,321,351,-4,38746,44
725,1003,310,3,49165,39
726,214,208,5,42398,12
727,30,487,2,10917,14
728,246,380,1,40328,41
729,958,77,5,47963,42
730,256,51,1,49680,34
731,1014,466,5,31815,27
732,822,83,5,34203,39
733,370,217,-2,35528,41
734,929,445,4,48593,14
735,272,383,4,11948,44
736,5,303,1,9000,38
737,938,190,3,39422,10
738,520,470,1,18136,5
739,267,437,4,13598,25
740,994,225,3,37089,34
741,189,255,3,12045,34
742,408,342,1,33539,25
743,387,209,2,27033,4
744,983,378,2,48370,31
745,660,336,5,1197,9
746,522,133,1,6007,49
747,30,267,1,205,8
748,461,130,3,24389,22
749,1017,487,1,31538,41
750,495,453,1,32977,46
751,997,251,3,49785,11
752,92,244,5,38559,13
753,631,213,2,26726,44
754,533,447,1,8610,8
755,117,407,4,1058,47
756,407,62,4,47473,33
757,845,395,2,37368,29
758,679,285,-2,37850,15
759,759,197,3,47767,25
760,150,472,2,48647,41
761,703,184,4,5619,45
762,494,151,1,49420,31
763,400,186,2,26650,37
764,452,57,4,44573,26
765,935,416,-5,3771,27
766,523,72,2,19668,47
767,315,454,3,7787,35
768,481,172,1,39374,48
769,781,82,3,17097,36
770,568,106,4,32844,13
771,65,306,2,10288,50
772,1004,41,4,35416,15
773,675,376,4,17870,4
774,522,238,4,29643,16
775,988,464,4,42375,3
776,446,202,5,40571,45
777,631,481,5,1437,10
778,620,379,2,4647,29
779,526,316,2,28354,37
780,61,101,2,16174,45
781,439,499,1,41467,13
782,1,278,5,45263,38
783,695,380,5,35748,5
784,741,219,4,31175,35
785,170,309,3,27707,46
786,993,39,1,38888,16
787,567,338,-3,45192,5
788,793,460,2,38972,22
789,536,32,4,11207,26
790,975,350,4,3608,29
791,799,461,2,27786,49
792,599,272,1,22739,22
793,455,146,1,20357,15
794,98,414,5,45714,36
795,497,341,5,6110,4
796,508,246,3,4664,32
797,51,106,2,32997,25
798,162,180,4,42815,0
799,91,60,-1,18328,31
800,686,222,4,13757,3
801,122,344,1,14167,8
802,900,70,5,16491,22
803,969,226,4,25154,12
804,387,438,3,39169,38
805,544,392,2,14891,37
806,905,397,3,15894,12
807,46,136,5,24536,39
808,87,357,1,19942,34
809,42,393,2,21749,40
810,697,56,5,31768,46
811,525,249,3,11038,39
812,144,56,3,6461,6
813,707,205,5,19035,2
814,490,164,2,20452,6
815,77,24,5,3793,17
816,634,434,1,13601,7
817,581,39,4,22678,38
818,351,351,1,2588,14
819,455,448,3,19462,47
820,645,279,5,34105,35
821,477,256,2,15137,43
822,528,19,5,18177,50
823,380,253,2,11635,35
824,413,11,5,6596,35
825,567,46,5,25022,49
826,88,94,2,46728,48
827,228,344,2,37082,49
828,334,84,1,43263,30
829,884,202,5,29401,39
830,700,338,4,26936,11
831,965,473,1,24184,25
832,717,21,3,29088,13
833,24,429,5,9839,0
834,1002,395,1,32542,3
835,597,11,1,5843,43
836,556,478,1,43727,22
837,682,114,3,24682,50
838,1016,434,2,7074,0
839,578,170,3,35446,13
840,952,410,4,46766,7
841,393,7,1,6155,37
842,46,493,1,38414,37
843,808,254,1,12981,49
844,21,469,2,35327,6
845,463,446,2,1983,25
846,622,237,1,5690,45
847,951,48,1,1408,9
848,171,238,1,27679,12
849,177,137,4,7243,39
850,612,432,2,29315,16
851,950,377,1,8927,50
852,544,50,3,36621,11
853,879,317,2,42342,42
854,87,493,3,14222,29
855,140,265,1,10895,33
856,967,55,3,31975,14
857,830,39,1,5475,12
858,367,295,2,18303,28
859,988,276,3,45954,35
860,54,434,5,21750,26
861,548,16,2,4530,30
862,2,95,4,32652,21
863,818,111,2,29544,44
864,753,93,5,43443,26
865,509,408,2,7696,26
866,613,237,1,45947,28
867,968,400,5,43967,47
868,504,154,3,40060,18
869,238,366,5,44701,29
870,573,451,2,19643,48
871,342,179,1,24493,38
872,987,397,1,13023,31
873,178,60,3,7138,6
874,351,498,5,13003,25
875,138,344,2,35951,16
876,950,438,2,17249,1
877,340,488,4,35114,31
878,528,172,3,31206,36
879,834,225,4,29370,1
880,230,70,4,46965,10
881,116,339,3,22260,33
882,376,375,3,45120,18
883,867,414,4,10157,20
884,311,72,3,6351,4
885,10,265,3,18604,23
886,622,174,2,16571,7
887,97,24,3,1551,24
888,87,457,4,32833,11
889,681,289,4,27637,41
890,887,7,5,11816,11
891,459,248,3,366,37
892,779,93,4,21324,18
893,556,394,1,33925,23
894,187,395,4,20518,44
895,284,102,1,21335,46
896,734,362,3,10189,48
897,883,374,3,15791,1
898,110,109,4,32280,2
899,28,123,5,34859,13
900,80,210,3,41069,4
901,804,366,2,15819,15
902,950,243,2,32627,31
903,174,70,5,46594,46
904,710,495,4,49690,24
905,376,65,1,2007,39
906,630,120,1,13868,36
907,147,158,5,3192,9
908,282,241,1,10749,46
909,897,383,2,46442,49
910,433,339,1,35650,12
911,626,159,5,37662,1
912,325,451,1,34376,46
913,413,467,2,14189,40
914,627,258,4,19540,32
915,385,273,2,30417,17
916,516,281,2,11993,25
917,96,79,5,13889,2
918,583,214,1,26917,37
919,748,375,5,39120,15
920,50,448,1,19661,9
921,493,430,2,44003,24
922,641,317,1,1856,10
923,962,358,2,36512,22
924,416,92,1,22992,12
925,123,402,3,8287,30
926,184,110,5,49654,15
927,424,4,5,37569,11
928,540,142,1,5777,2
929,621,252,5,992,34
930,782,377,2,4781,30
931,618,357,3,32919,50
932,121,39,2,18865,19
933,423,154,2,4570,21
934,416,317,4,24712,3
935,835,291,2,24192,1
936,54,135,5,11799,24
937,253,294,3,14656,14
938,506,335,5,22202,38
939,941,224,5,35250,27
940,39,425,-2,29546,23
941,946,262,4,2833,22
942,893,142,2,33925,10
943,70,476,2,29627,5
944,522,295,-2,10222,20
945,246,202,5,2761,48
946,438,461,3,8592,12
947,653,275,5,12367,5
948,198,82,4,30416,16
949,182,478,3,14607,12
950,641,400,5,30725,14
951,303,254,5,26957,6
952,940,388,5,3370,8
953,44,468,1,19777,33
954,214,163,1,42142,18
955,405,283,3,13374,13
956,63,478,3,22649,31
957,539,122,5,45157,29
958,475,107,2,24458,27
959,68,357,2,47008,2
960,505,437,-3,1678,24
961,224,228,1,3507,8
962,706,125,3,3091,33
963,194,83,2,598,43
964,36,159,5,40794,14
965,148,297,5,10701,33
966,419,56,4,14382,6
967,428,440,3,24768,18
968,380,208,3,45831,20
969,694,283,3,12230,18
970,873,96,3,8693,28
971,198,128,5,12911,50
972,766,454,2,23481,32
973,378,420,4,46687,4
974,101,120,1,28789,10
975,936,32,2,34841,1
976,794,289,4,48846,16
977,56,268,3,24467,46
978,515,181,5,40992,36
979,130,225,2,14881,46
980,924,387,3,5621,16
981,802,388,4,1721,16
982,412,252,2,42211,22
983,425,378,2,41367,16
984,434,377,1,36145,28
985,98,82,5,41453,30
986,50,466,5,47551,47
987,291,68,1,38065,4
988,445,221,1,40931,17
989,1002,16,1,11102,34
990,291,203,2,18067,46
991,924,430,5,2325,15
992,526,224,1,16572,8
993,363,284,5,16738,48
994,274,64,4,29771,40
995,449,205,4,41917,18
996,629,294,1,28826,32
997,953,200,3,10296,42
998,89,227,5,18131,31
999,462,241,5,39443,40
1000,434,412,2,25572,8
1001,196,482,2,29201,27
1002,436,369,1,22948,1
1003,613,357,1,25949,43
1004,951,344,5,24963,50
1005,988,124,1,49792,1
1006,435,284,2,20911,22
1007,1000,364,5,22141,1
1008,614,181,2,47277,16
1009,13,81,1,14797,45
1010,748,25,4,33262,48
1011,438,362,1,36942,46
1012,478,5,3,42455,18
1013,235,486,4,43740,9
1014,414,329,1,36086,35
1015,945,147,1,19960,45
1016,376,401,4,21700,3
1017,673,127,4,29985,27
1018,334,350,3,27078,16
1019,179,404,2,28314,11
1020,648,64,1,8634,35
1021,656,333,2,18114,14
1022,338,410,1,19714,35
1023,774,111,4,40410,41
1024,683,83,3,42047,8
1025,684,463,4,12454,33
1026,844,123,5,4547,3
1027,486,115,1,32185,41
1028,297,367,2,14518,4
1029,1003,419,4,45758,47
1030,916,446,3,46651,27
1031,848,397,3,8805,17
1032,549,61,3,11228,34
1033,133,397,4,23918,23
1034,89,352,3,6354,45
1035,681,135,1,32938,10
1036,92,276,4,1508,23
1037,73,170,2,39922,41
1038,389,96,-1,18182,29
1039,740,189,3,38632,31
1040,640,194,4,31637,26
1041,563,32,2,11068,4
1042,569,366,2,18478,40
1043,232,261,2,48268,1
1044,593,302,5,9621,6
1045,954,468,-3,38445,14
1046,460,138,1,42464,43
1047,152,61,3,42389,13
1048,140,311,1,45272,13
1049,842,32,-4,43993,3
1050,779,367,3,6504,39
1051,20,160,5,11797,17
1052,418,262,2,4067,38
1053,673,37,2,45893,24
1054,777,394,3,25497,18
1055,764,190,1,8388,7
1056,269,290,2,28111,15
1057,89,332,4,6537,28
1058,1010,171,-2,26049,13
1059,31,264,3,8008,7
1060,109,490,2,3118,49
1061,604,356,4,17154,38
1062,937,71,2,44538,32
1063,481,321,3,11397,18
1064,160,297,2,49354,44
1065,984,300,4,1711,8
1066,540,84,4,17827,50
1067,687,299,3,48762,46
1068,327,116,3,18816,44
1069,215,149,1,48035,36
1070,905,307,3,33546,15
1071,577,472,4,11744,30
1072,973,286,2,20989,39
1073,671,370,3,32326,12
1074,764,352,4,28423,49
1075,643,28,4,8775,42
1076,964,201,4,19353,12
1077,973,417,5,31201,20
1078,883,282,4,8873,33
1079,247,223,4,623,16
1080,260,237,2,46925,20
1081,253,350,5,37729,46
1082,613,79,1,41210,45
1083,870,222,4,34812,21
1084,387,345,1,912,19
1085,59,283,2,15370,10
1086,896,181,2,18214,41
1087,279,346,5,18824,0
1088,313,316,3,22331,40
1089,1007,244,3,29239,13
1090,119,480,4,23832,14
1091,460,496,1,37037,41
1092,219,246,1,13987,28
1093,331,231,4,11274,45
1094,831,141,2,43657,15
1095,354,288,4,32404,24
1096,912,40,3,17680,31
1097,758,335,5,33170,8
1098,231,2,1,10004,45
1099,410,157,5,16570,30
1100,324,370,1,43118,8
1101,816,293,3,39117,27
1102,633,455,1,47631,3
1103,207,137,5,11056,8
1104,7,411,4,31538,19
1105,427,428,1,41228,5
1106,100,107,5,49361,33
1107,423,157,5,9230,10
1108,1,12,1,22778,6
1109,795,114,1,44121,24
1110,122,213,3,7000,4
1111,710,16,3,39967,27
1112,460,300,1,34084,43
1113,758,1,5,23425,49
1114,213,330,5,46450,38
1115,295,315,5,47031,10
1116,780,153,4,29913,39
1117,492,385,1,49997,10
1118,317,500,1,25949,24
1119,736,392,3,9733,8
1120,971,61,5,33055,32
1121,580,284,5,11026,8
1122,315,205,3,640,47
1123,423,284,4,49178,23
1124,142,74,3,46695,41
1125,199,478,5,37936,38
1126,318,79,5,23200,14
1127,632,108,2,35137,11
1128,224,63,2,18867,22
1129,996,455,1,34063,49
1130,1015,60,5,1300,6
1131,638,291,3,30336,23
1132,338,122,5,39411,20
1133,309,129,5,48091,40
1134,571,450,1,48620,7
1135,961,173,1,46777,12
1136,267,320,4,40151,6
1137,454,23,4,24289,28
1138,509,385,1,15311,5
1139,842,434,5,49497,39
1140,294,449,4,5453,41
1141,757,297,5,13705,29
1142,53,437,3,42481,4
1143,222,227,3,11164,4
1144,234,178,5,22205,2
1145,600,472,5,33377,28
1146,551,14,1,34543,18
1147,748,71,3,17154,24
1148,40,323,5,35343,46
1149,568,471,4,34374,41
1150,329,311,4,45029,12
1151,833,84,3,29710,25
1152,371,305,1,18192,1
1153,391,380,3,20742,43
1154,793,479,5,10223,2
1155,362,405,2,33504,43
1156,265,23,3,38977,23
1157,593,327,1,29945,44
1158,126,319,5,25812,25
1159,594,29,5,119,20
1160,766,104,3,7599,2
1161,547,81,4,10242,41
1162,412,124,3,10563,38
1163,260,335,2,32379,45
1164,397,140,2,26248,31
1165,940,284,3,21841,14
1166,921,32,4,20780,47
1167,121,4,1,45656,44
1168,999,166,3,45655,42
1169,593,334,5,9562,39
1170,643,96,2,15348,22
1171,200,431,3,27928,28
1172,690,7,2,43281,26
1173,83,47,5,31599,43
1174,384,234,5,17780,31
1175,266,225,2,4359,4
1176,912,406,4,48148,47
1177,859,388,-4,26485,39
1178,635,21,4,19678,25
1179,348,495,5,6201,41
1180,514,441,4,30225,47
1181,670,275,3,35971,46
1182,1003,361,5,22819,43
1183,358,276,5,46590,4
1184,602,240,2,31925,30
1185,35,38,2,49229,43
1186,535,230,3,44039,50
1187,233,125,3,40655,22
1188,180,475,2,39980,36
1189,231,34,3,36872,34
1190,262,430,4,13646,19
1191,161,234,3,49376,46
1192,690,39,1,44133,14
1193,34,386,3,13063,38
1194,697,315,2,21998,0
1195,7,84,4,46780,8
1196,880,419,3,19052,28
1197,487,24,3,31935,31
1198,277,260,4,35164,14
1199,743,248,2,40066,13
1200,524,68,1,43585,48
1201,407,489,5,48739,42
1202,987,145,3,37153,46
1203,926,360,3,43703,6
1204,49,485,4,41938,21
1205,386,78,3,47975,9
1206,760,440,5,34195,6
1207,188,2,2,11708,0
1208,440,499,-1,45102,48
1209,744,250,5,45609,20
1210,742,340,5,25354,12
1211,776,242,5,44781,38
1212,544,421,1,18990,45
1213,645,467,1,46090,25
1214,116,165,2,26883,44
1215,779,371,1,42355,48
1216,719,323,5,4665,5
1217,338,39,3,7809,42
1218,198,364,4,21069,5
1219,887,431,4,2554,8
1220,905,452,3,31226,35
1221,32,198,4,31915,4
1222,111,30,1,30734,21
1223,669,497,1,49510,44
1224,718,227,2,26444,35
1225,635,264,3,6235,11
1226,582,173,5,3382,46
1227,679,479,2,20446,23
1228,133,271,5,23548,3
1229,645,109,1,28344,1
1230,209,218,2,21178,21
1231,357,345,4,9061,47
1232,9,120,4,46228,1
1233,161,387,3,46018,34
1234,768,235,1,45306,38
1235,444,270,4,49141,37
1236,604,193,3,19948,38
1237,756,434,4,1457,41
1238,990,483,2,23569,15
1239,374,12,4,34173,15
1240,44,374,2,24137,10
1241,419,366,4,7834,24
1242,374,445,3,10996,20
1243,38,413,2,3148,35
1244,242,101,-3,36601,45
1245,233,486,4,47701,9
1246,421,231,5,36202,48
1247,397,60,1,29064,38
1248,329,236,5,28481,3
1249,1012,487,5,26796,47
1250,784,162,3,27044,50
1251,964,341,5,8661,49
1252,718,288,1,6832,4
1253,565,177,4,17110,4
1254,236,123,4,15190,23
1255,356,424,5,1047,37
1256,40,349,5,36177,3
1257,382,243,1,20213,22
1258,804,150,2,3429,40
1259,986,347,3,46345,8
1260,921,149,1,14895,33
1261,905,319,1,4123,11
1262,191,395,5,49573,13
1263,937,413,2,46662,24
1264,1017,139,2,12421,17
1265,700,398,1,45800,22
1266,2,170,2,32663,9
1267,374,436,5,24986,21
1268,889,263,1,3128,30
1269,117,121,4,33550,22
1270,90,287,-4,25742,48
1271,318,156,3,31923,25
1272,667,416,2,43320,46
1273,455,302,4,4685,31
1274,942,393,3,36062,6
1275,256,34,4,4044,25
1276,271,398,4,49033,0
1277,529,470,2,41124,30
1278,121,338,5,20330,7
1279,123,193,3,12069,8
1280,439,442,1,21858,28
1281,351,234,4,41222,19
1282,52,22,2,1189,12
1283,392,137,3,14976,34
1284,850,56,4,35761,33
1285,954,258,1,23463,5
1286,403,392,3,34936,40
1287,593,369,5,47202,27
1288,10,257,4,28554,31
1289,992,184,2,7166,48
1290,789,87,3,44141,32
1291,409,179,2,44799,17
1292,500,221,1,1414,1
1293,20,427,3,8360,31
1294,391,56,3,21953,43
1295,597,138,3,48183,34
1296,854,121,3,18953,4
1297,925,117,2,5127,12
1298,731,268,1,28604,26
1299,340,194,5,27272,26
1300,42,38,3,25582,28
1301,906,443,2,552,39
1302,884,237,2,40055,37
1303,986,83,1,35596,32
1304,942,107,1,36394,2
1305,694,154,2,48122,48
1306,302,468,4,7822,49
1307,604,270,5,7849,32
1308,810,113,2,14617,2
1309,136,280,-5,32690,1
1310,846,356,3,1869,43
1311,455,299,4,48326,14
1312,167,100,3,5445,1
1313,891,33,5,14737,7
1314,616,23,2,17995,38
1315,804,235,5,36611,15
1316,613,129,1,22933,34
1317,369,436,4,36160,3
1318,647,172,3,16181,11
1319,198,438,4,42859,43
1320,409,226,2,38220,3
1321,1000,37,5,1602,28
1322,94,471,3,33262,28
1323,809,334,1,48442,38
1324,882,9,3,11688,42
1325,776,141,3,20932,49
1326,82,130,3,16859,40
1327,875,351,2,31813,42
1328,505,124,4,31051,9
1329,574,278,2,45122,19
1330,457,228,1,15926,39
1331,200,212,4,35291,13
1332,394,137,2,30060,45
1333,917,373,2,21173,20
1334,904,416,1,45401,47
1335,155,300,5,11568,16
1336,323,242,4,15154,44
1337,892,364,5,29814,48
1338,610,15,2,14630,11
1339,200,174,2,37559,45
1340,919,142,2,1423,40
1341,775,100,4,15142,21
1342,942,474,1,14383,46
1343,898,305,3,667,25
1344,163,207,4,2734,41
1345,435,122,3,12197,49
1346,632,374,1,10675,24
1347,532,431,5,39462,33
1348,656,244,5,28019,36
1349,995,273,2,18742,8
1350,789,201,3,13904,18
1351,455,484,3,36493,50
1352,554,160,3,36694,23
1353,747,333,1,9310,34
1354,923,489,5,43092,6
1355,383,274,5,6089,31
1356,14,33,5,26002,43
1357,976,195,3,354,27
1358,501,251,5,13298,25
1359,391,165,5,38409,22
1360,550,155,5,29334,40
1361,342,251,4,5026,4
1362,303,144,3,11743,39
1363,651,481,1,14307,46
1364,658,272,2,20547,42
1365,628,342,2,41999,17
1366,493,190,2,19345,50
1367,440,418,5,46354,11
1368,864,122,1,16241,16
1369,142,278,5,3486,5
1370,341,451,5,48868,33
1371,348,172,3,39939,20
1372,279,93,4,41421,48
1373,345,116,5,17978,16
1374,746,36,2,39928,24
1375,949,459,4,38633,30
1376,110,24,2,28372,21
1377,682,294,1,49036,44
1378,375,500,1,14776,45
1379,439,390,1,37303,49
1380,130,94,2,6009,18
1381,244,213,5,12864,21
1382,805,88,5,12794,38
1383,275,44,3,35806,49
1384,495,37,5,41987,17
1385,809,82,5,44418,23
1386,620,337,3,44752,34
1387,1003,297,4,41406,26
1388,892,453,1,12308,44
1389,101,483,1,35596,11
1390,193,308,2,41019,9
1391,766,276,1,12674,0
1392,781,481,2,47335,13
1393,757,269,1,22959,17
1394,195,488,4,27186,9
1395,533,310,3,46090,0
1396,745,301,2,11466,9
1397,52,242,1,32183,45
1398,186,196,5,13922,11
1399,224,298,2,1965,43
1400,281,267,3,13577,7
1401,400,165,4,14496,30
1402,952,116,2,19463,49
1403,76,187,2,29241,4
1404,572,109,1,24375,38
1405,1,143,5,41204,21
1406,792,113,1,37627,24
1407,49,359,1,28322,4
1408,19,119,5,19190,38
1409,828,221,4,18089,35
1410,372,171,3,7027,42
1411,219,199,4,33058,44
1412,497,92,3,17656,6
1413,239,187,1,10175,4
1414,684,481,5,23115,38
1415,852,337,2,19643,38
1416,9,18,4,36153,15
1417,427,294,3,37962,42
1418,876,31,4,19347,10
1419,479,90,2,37077,35
1420,659,166,2,48012,3
1421,999,135,1,23144,17
1422,140,46,3,1516,8
1423,787,53,1,17587,3
1424,505,113,5,24972,17
1425,253,469,4,43645,44
1426,619,260,3,34026,10
1427,259,489,2,25977,40
1428,861,94,3,24384,45
1429,581,489,4,47337,5
1430,690,447,5,42747,45
1431,920,26,3,32718,45
1432,641,23,2,2067,38
1433,957,278,5,30432,10
1434,806,226,5,47862,19
1435,798,347,4,36398,46
1436,520,495,4,8538,22
1437,187,37,5,19311,21
1438,950,228,5,34134,45
1439,762,261,4,29681,12
1440,875,208,1,7601,14
1441,52,231,1,43251,37
1442,510,399,4,23610,30
1443,677,188,1,41432,29
1444,849,84,4,37581,14
1445,994,436,-5,48130,50
1446,584,47,3,9855,20
1447,717,456,2,32682,43
1448,619,255,3,36587,24
1449,743,440,2,31390,42
1450,827,75,3,27239,27
1451,557,127,2,43234,2
1452,989,69,3,24254,4
1453,168,242,1,43244,34
1454,241,63,4,21178,17
1455,1006,169,3,33853,22
1456,598,402,5,31022,35
1457,218,298,5,40420,0
1458,139,434,5,17500,46
1459,672,137,1,4979,42
1460,592,293,5,17499,33
1461,816,170,1,18498,48
1462,72,448,-1,7140,22
1463,560,295,3,31088,26
1464,140,71,2,2897,0
1465,786,98,5,48432,24
1466,197,129,1,23042,13
1467,92,129,2,17483,22
1468,423,449,5,29351,38
1469,598,296,1,15047,21
1470,797,101,1,279,31
1471,783,423,2,16718,30
1472,940,143,3,16472,17
1473,505,320,2,12147,2
1474,987,53,1,47922,40
1475,885,265,2,41412,43
1476,74,276,-4,10027,4
1477,864,297,3,10885,15
1478,874,150,1,32195,22
1479,73,387,3,13646,2
1480,975,217,5,19948,49
1481,961,462,5,13505,24
1482,59,180,1,36686,0
1483,317,197,1,9633,14
1484,685,155,1,43835,27
1485,714,474,3,3000,28
1486,535,482,5,14919,14
1487,609,33,2,30314,16
1488,838,451,5,36157,45
1489,566,292,4,47965,42
1490,747,127,4,8216,16
1491,263,370,1,23140,39
1492,67,367,2,17043,0
1493,838,125,5,44870,49
1494,464,415,4,42263,40
1495,310,320,3,34511,0
1496,182,439,3,26892,18
1497,119,265,4,45585,43
1498,714,214,4,29209,23
1499,808,275,5,6627,44
1500,655,107,2,30939,0
1501,881,482,4,13744,25
1502,252,92,5,30444,42
1503,545,103,1,45187,23
1504,192,24,3,33251,40
1505,282,345,5,21730,3
1506,586,399,1,39716,19
1507,964,124,3,45916,33
1508,1002,204,5,46213,48
1509,619,125,1,7555,37
1510,67,65,3,14386,50
1511,123,415,4,33023,32
1512,554,243,2,46336,3
1513,851,163,2,33908,0
1514,674,104,2,1673,9
1515,801,308,1,49469,10
1516,254,392,2,6337,21
1517,420,61,4,23727,8
1518,689,382,1,25264,45
1519,968,53,4,4841,44
1520,532,390,3,46315,13
1521,13,297,4,7958,37
1522,756,383,2,37839,0
1523,919,384,3,40395,31
1524,572,19,2,42807,10
1525,747,415,2,12162,18
1526,698,116,5,11793,4
1527,241,342,4,3399,33
1528,985,45,1,4667,0
1529,726,405,2,28496,33
1530,889,429,4,8397,48
1531,723,172,2,25753,31
1532,976,163,3,35584,12
1533,741,397,2,14334,44
1534,211,423,-3,27204,11
1535,593,118,2,11898,11
1536,243,80,2,7674,11
1537,248,272,2,24039,8
1538,276,123,1,46098,6
1539,270,354,3,443,13
1540,930,32,4,30150,42
1541,688,6,1,3099,17
1542,578,377,1,920,44
1543,313,480,5,43328,17
1544,779,9,3,48848,19
1545,907,37,2,33675,39
1546,602,486,5,38976,8
1547,704,417,5,47661,17
1548,412,299,2,5747,3
1549,706,329,2,40070,13
1550,848,418,2,42097,48
1551,467,375,1,49573,10
1552,892,275,5,22319,33
1553,232,167,5,23961,46
1554,198,98,5,24005,34
1555,159,274,5,3477,28
1556,855,226,1,7483,19
1557,615,51,1,10560,47
1558,308,330,4,46808,15
1559,535,118,3,26074,30
1560,424,242,4,33602,14
1561,383,134,4,11857,36
1562,891,182,5,45176,24
1563,895,388,4,22601,2
1564,750,495,1,29739,21
1565,802,291,4,1378,18
1566,202,71,1,42107,15
1567,710,96,3,36763,16
1568,957,94,1,43536,48
1569,106,224,2,30725,18
1570,359,395,1,15058,39
1571,123,168,3,5159,28
1572,430,322,4,36545,14
1573,114,154,5,41352,36
1574,544,391,3,14273,1
1575,837,240,1,5495,21
1576,142,78,2,7571,14
1577,134,375,3,34615,28
1578,949,394,4,49318,27
1579,347,281,5,16852,24
1580,556,322,5,37550,6
1581,254,148,5,44562,48
1582,9,483,1,42319,27
1583,61,423,3,13228,14
1584,878,268,3,31076,15
1585,713,284,2,32989,32
1586,786,83,3,18674,49
1587,430,500,1,37679,3
1588,452,393,4,31890,32
1589,970,65,4,17156,7
1590,612,430,5,21221,27
1591,911,318,2,36808,34
1592,760,284,2,47873,47
1593,317,395,3,7183,13
1594,225,446,2,42689,35
1595,599,273,3,46426,16
1596,233,34,5,15463,27
1597,609,332,2,24088,12
1598,755,172,4,27841,38
1599,438,284,1,40151,28
1600,502,366,-5,2060,49
1601,89,15,2,37290,37
1602,410,397,3,16101,41
1603,133,488,3,35798,26
1604,490,99,3,17773,9
1605,589,349,2,41749,40
1606,163,61,2,15451,46
1607,954,500,1,12949,22
1608,867,119,1,36364,17
1609,132,443,1,10610,21
1610,657,19,3,40395,35
1611,110,488,2,13061,49
1612,211,242,1,36363,20
1613,203,181,4,44488,17
1614,533,107,3,40380,32
1615,15,429,5,8673,29
1616,419,340,3,32494,0
1617,108,260,1,11169,12
1618,659,482,3,40123,21
1619,515,443,2,40328,23
1620,861,387,5,13533,47
1621,976,266,5,40397,8
1622,707,275,4,26377,27
1623,168,30,4,14723,1
1624,1008,357,3,35108,8
1625,442,100,2,1973,38
1626,372,499,5,34758,36
1627,577,493,2,8820,1
1628,371,243,5,24131,18
1629,176,349,4,39642,17
1630,626,127,2,15697,35
1631,73,324,2,9907,39
1632,56,68,2,20107,36
1633,279,391,3,11550,22
1634,73,420,3,610,29
1635,49,100,3,22791,36
1636,581,73,4,33505,43
1637,398,381,5,44526,39
1638,727,119,2,2364,47
1639,270,193,4,45030,12
1640,478,449,3,3808,22
1641,916,167,3,38021,2
1642,739,223,3,36162,21
1643,988,231,5,7661,23
1644,756,163,2,36110,39
1645,689,197,2,49068,33
1646,389,414,5,39002,32
1647,636,186,3,40783,30
1648,302,447,2,27570,25
1649,507,27,2,26050,36
1650,601,484,1,48951,7
1651,584,411,2,15921,32
1652,614,104,4,8591,30
1653,980,131,4,40375,7
1654,146,50,5,13484,8
1655,275,292,3,19897,13
1656,720,197,3,33347,27
1657,602,227,5,46172,34
1658,25,43,3,9148,2
1659,111,352,2,1313,35
1660,102,55,4,7836,28
1661,810,234,-1,9284,42
1662,690,47,4,5116,33
1663,123,104,1,25146,12
1664,884,263,4,34399,8
1665,582,123,1,3448,9
1666,63,188,1,14757,2
1667,120,140,1,42079,10
1668,554,3,2,9220,41
1669,359,42,3,48108,30
1670,639,287,4,41213,29
1671,434,181,4,8425,18
1672,168,14,5,45001,32
1673,485,423,3,41507,15
1674,315,316,4,11456,42
1675,388,157,1,36816,2
1676,295,111,3,23430,12
1677,369,474,3,34265,36
1678,792,244,2,12400,2
1679,51,287,4,15863,6
1680,967,58,3,37240,13
1681,692,261,3,29850,1
1682,650,411,2,48262,1
1683,335,110,4,5745,2
1684,206,196,2,1946,7
1685,446,251,5,28233,17
1686,610,428,2,8897,4
1687,647,464,5,9940,14
1688,758,315,1,27275,45
1689,973,306,3,8316,40
1690,126,357,1,22411,29
1691,579,423,2,9511,47
1692,935,77,5,12338,43
1693,944,449,3,6038,14
1694,294,370,1,14950,27
1695,969,122,1,37199,49
1696,917,243,5,11055,11
1697,739,122,2,14950,18
1698,693,411,3,29843,38
1699,289,156,2,46926,29
1700,564,78,3,4299,25
1701,894,24,2,514,8
1702,806,412,5,32203,2
1703,752,449,4,12376,2
1704,944,344,1,48686,40
1705,56,370,3,46164,20
1706,45,441,5,35826,11
1707,602,394,4,19405,31
1708,67,293,4,16560,41
1709,475,421,5,43051,33
1710,18,455,1,46174,5
1711,792,49,4,49373,48
1712,435,54,1,218,13
1713,640,131,2,10707,8
1714,48,361,2,33484,12
1715,660,349,2,38454,8
1716,561,434,-2,32054,28
1717,562,46,2,46474,2
1718,782,58,1,18660,3
1719,263,249,4,13428,15
1720,727,153,1,9268,16
1721,860,75,1,9499,9
1722,41,366,1,5887,29
1723,465,63,4,18733,2
1724,826,390,2,26566,35
1725,771,216,3,25830,36
1726,154,183,4,38116,40
1727,849,491,1,17537,16
1728,442,473,4,8882,37
1729,921,137,2,11232,39
1730,322,160,2,13772,29
1731,637,427,2,45684,29
1732,997,136,4,35363,10
1733,127,160,2,15036,32
1734,438,434,5,40548,45
1735,187,106,1,9221,12
1736,764,159,4,40684,11
1737,389,132,5,9675,13
1738,247,41,3,3566,23
1739,826,399,3,30131,50
1740,933,240,1,46661,36
1741,976,293,2,30493,14
1742,821,467,5,1535,3
1743,30,258,4,48018,26
1744,495,304,2,46891,29
1745,988,458,5,19515,49
1746,625,98,2,24452,23
1747,934,249,4,23484,4
1748,755,334,5,30146,43
1749,529,140,4,7006,17
1750,533,380,4,9056,48
1751,506,117,5,12770,14
1752,127,471,4,32357,30
1753,919,305,1,2053,40
1754,711,154,1,37670,10
1755,580,294,5,46659,6
1756,344,267,3,9327,10
1757,580,496,5,18449,23
1758,185,390,2,13492,2
1759,277,253,3,4474,4
1760,71,393,2,37026,11
1761,264,71,5,46788,19
1762,957,341,4,23252,27
1763,621,495,3,14975,26
1764,505,86,5,3299,18
1765,447,70,5,22876,45
1766,195,377,-4,36333,44
1767,569,300,1,38429,23
1768,518,263,4,3570,12
1769,861,396,5,12631,35
1770,672,45,1,22259,25
1771,712,252,1,245,6
1772,966,33,2,42250,34
1773,597,452,4,22548,46
1774,302,182,5,6505,25
1775,262,443,5,36696,1
1776,5,182,-2,18412,43
1777,369,455,5,7433,24
1778,130,67,3,42181,23
1779,933,152,3,5790,12
1780,230,337,2,34120,14
1781,593,434,4,40321,12
1782,383,240,1,27731,31
1783,294,222,1,934,0
1784,449,161,1,26083,13
1785,316,8,5,24443,8
1786,507,117,3,9677,17
1787,916,369,2,2203,21
1788,632,374,3,12211,3
1789,490,147,2,41121,41
1790,484,178,4,9874,18
1791,497,141,5,27772,18
1792,98,445,4,28758,14
1793,64,113,2,16673,6
1794,475,255,1,28858,9
1795,89,264,3,34241,22
1796,354,398,1,11232,49
1797,246,54,3,20758,22
1798,62,71,5,17839,22
1799,755,437,3,36427,37
1800,76,316,2,3421,12
1801,655,354,2,1143,21
1802,668,157,5,40132,18
1803,217,267,3,13725,8
1804,526,12,4,24526,22
1805,743,157,1,42210,14
1806,291,313,2,37843,49
1807,6,262,1,19239,15
1808,897,159,4,46646,22
1809,335,333,1,6428,16
1810,244,233,5,24641,10
1811,704,78,5,47685,49
1812,802,139,3,4668,47
1813,829,58,4,32757,1
1814,107,257,1,17791,40
1815,850,166,5,45653,10
1816,117,488,4,35400,21
1817,460,46,-2,43814,43
1818,573,479,4,6922,26
1819,337,306,5,28500,5
1820,668,313,3,36560,43
1821,764,266,4,8975,25
1822,786,99,5,24074,24
1823,670,98,5,40237,37
1824,355,325,2,15571,33
1825,265,134,1,28731,14
1826,264,171,1,49149,8
1827,757,464,2,21523,32
1828,162,467,3,31943,42
1829,720,184,5,33847,9
1830,524,235,5,20246,24
1831,712,150,1,32224,35
1832,756,225,-5,33043,19
1833,557,326,3,13807,16
1834,832,286,3,6177,2
1835,260,403,1,11903,41
1836,471,175,4,27154,18
1837,60,146,1,12203,4
1838,462,497,4,2628,21
1839,951,16,4,16934,50
1840,458,81,4,30350,35
1841,730,442,1,30865,40
1842,110,221,1,31089,46
1843,913,403,2,35961,30
1844,945,378,5,45077,11
1845,62,331,4,30238,6
1846,1020,269,4,5876,44
1847,667,32,2,1653,15
1848,780,66,1,45846,34
1849,575,347,-3,5559,11
1850,191,153,2,9982,50
1851,896,459,5,47565,8
1852,389,476,3,18263,21
1853,971,417,2,20037,49
1854,67,431,1,34361,43
1855,321,460,1,2553,19
1856,734,211,1,4869,27
1857,331,414,1,30522,14
1858,321,10,3,3071,32
1859,163,230,5,41676,8
1860,576,493,5,16331,46
1861,834,172,4,20894,39
1862,471,469,4,43499,25
1863,746,91,3,27595,16
1864,201,330,1,29458,47
1865,334,24,2,41805,39
1866,441,58,1,46658,21
1867,680,127,4,13258,6
1868,73,78,5,17701,26
1869,33,421,4,46982,40
1870,34,258,1,5121,5
1871,322,244,-2,41600,13
1872,352,151,2,5085,4
1873,440,259,5,5619,21
1874,69,275,4,22425,9
1875,512,427,5,25144,14
1876,990,396,3,9808,17
1877,740,157,3,30282,13
1878,695,351,3,47612,42
1879,915,353,5,37574,18
1880,407,481,1,7576,6
1881,670,479,4,47884,33
1882,227,202,5,23517,39
1883,984,181,3,45990,22
1884,732,222,1,1525,15
1885,253,165,4,136,0
1886,771,368,4,4905,49
1887,488,290,5,45617,5
1888,290,60,5,6865,40
1889,532,142,-5,30308,14
1890,456,448,4,4983,15
1891,603,86,5,10784,49
1892,241,19,4,32595,2
1893,737,134,4,12354,14
1894,123,1,2,34729,14
1895,815,57,2,47495,50
1896,637,402,2,46557,26
1897,774,495,4,32321,12
1898,277,364,3,42746,28
1899,229,410,5,44628,32
1900,689,16,4,18070,14
1901,847,253,2,48550,26
1902,470,325,1,21871,0
1903,560,25,1,22371,22
1904,1009,380,1,18541,1
1905,466,91,3,11485,41
1906,803,404,4,46562,23
1907,583,480,5,16916,30
1908,499,450,5,33193,10
1909,970,297,3,34679,21
1910,951,160,5,27589,21
1911,493,28,3,32909,3
1912,620,104,4,36162,45
1913,991,490,4,25557,16
1914,748,370,2,27511,10
1915,763,323,4,5470,39
1916,325,8,4,48895,24
1917,526,244,2,47655,3
1918,229,171,1,21837,42
1919,471,94,3,29692,20
1920,438,154,3,21597,48
1921,53,1,2,33833,2
1922,856,407,4,9696,41
1923,976,114,2,29345,15
1924,234,185,3,10260,12
1925,439,70,1,43952,25
1926,930,338,5,30990,20
1927,851,35,-1,24320,4
1928,468,254,4,9097,44
1929,576,189,2,18331,16
1930,684,22,2,6943,14
1931,895,293,1,45201,29
1932,338,95,1,16158,30
1933,742,208,4,16341,38
1934,58,331,3,37373,23
1935,619,4,-4,9045,12
1936,197,456,2,1313,26
1937,62,418,5,12727,6
1938,881,207,5,34095,13
1939,512,234,4,40688,41
1940,694,401,5,38959,46
1941,354,343,5,20442,49
1942,586,331,4,18218,29
1943,62,89,-1,17071,18
1944,968,181,2,31528,32
1945,26,349,5,39099,13
1946,903,196,4,38023,19
1947,311,319,1,8922,10
1948,61,208,4,19189,1
1949,861,34,4,44087,39
1950,599,266,2,6837,43
1951,270,242,1,30668,33
1952,940,419,1,26013,28
1953,613,110,4,39548,34
1954,772,346,5,385,29
1955,51,61,3,14461,33
1956,236,113,3,14597,20
1957,265,41,1,43296,2
1958,135,138,-4,46853,4
1959,529,152,5,24590,16
1960,738,1,4,29600,16
1961,1015,333,5,25656,31
1962,157,394,4,21361,24
1963,673,237,3,44372,12
1964,964,124,1,9395,27
1965,221,463,3,44821,6
1966,194,26,1,7541,15
1967,647,81,1,43098,48
1968,386,109,4,25893,48
1969,326,28,5,19484,36
1970,738,372,1,47036,14
1971,862,39,2,30870,31
1972,903,337,3,13279,38
1973,645,440,3,47220,19
1974,266,254,1,28275,5
1975,539,179,1,20938,44
1976,99,214,3,16354,16
1977,480,339,5,10241,45
1978,619,278,4,28915,40
1979,766,75,-1,21032,34
1980,701,181,1,303,25
1981,907,91,3,32624,20
1982,296,188,5,35845,13
1983,420,55,4,15418,13
1984,589,164,-3,16667,6
1985,505,290,5,40141,47
1986,643,404,2,31918,47
1987,372,56,4,6702,22
1988,917,31,2,30369,21
1989,803,268,5,7082,32
1990,554,299,4,26832,10
1991,200,287,2,1911,35
1992,4,9,4,45522,48
1993,505,83,1,45871,14
1994,36,480,4,25467,48
1995,518,306,2,33261,8
1996,466,277,2,45745,0
1997,777,130,3,10079,4
1998,207,344,5,41611,6
1999,602,160,1,6133,12
2000,35,309,5,49239,23
2001,418,445,2,38159,23
2002,731,4,2,1304,11
2003,440,387,-3,36288,46
2004,840,68,5,39282,1
2005,728,466,3,12378,16
2006,297,101,-1,3292,3
2007,710,403,1,41804,31
2008,774,471,2,35235,6
2009,923,386,4,12765,39
2010,782,107,2,19029,28
2011,73,106,3,8096,1
2012,1007,468,3,48857,39
2013,397,468,4,46425,9
2014,621,32,2,13950,1
2015,201,313,4,9946,42
2016,133,338,-4,31419,21
2017,851,28,2,9281,13
2018,568,218,3,8162,28
2019,136,420,5,451,38
2020,494,487,5,26255,50
2021,909,463,3,23215,20
2022,553,252,4,20276,27
2023,623,382,5,2503,35
2024,29,174,1,49446,14
2025,127,340,5,47413,41
2026,455,451,1,9407,24
2027,511,79,3,44268,39
2028,913,87,2,24430,14
2029,574,476,4,16865,38
2030,805,51,2,9089,45
2031,826,214,1,33307,42
2032,729,409,5,22845,5
2033,821,277,2,47263,6
2034,127,354,3,35683,27
2035,961,259,1,26335,44
2036,899,183,3,4267,12
2037,486,360,1,36907,8
2038,701,216,1,31418,0
2039,969,218,3,4209,6
2040,409,89,3,13517,47
2041,694,66,1,9279,27
2042,402,102,3,22022,41
2043,516,299,2,35451,26
2044,634,210,2,41592,20
2045,875,153,3,3008,45
2046,203,42,3,48470,22
2047,205,155,-4,12722,20
2048,951,184,3,42006,2
2049,717,64,5,39677,14
2050,59,52,4,29565,2
2051,927,97,1,23045,14
2052,779,254,5,12600,9
2053,731,26,2,4686,23
2054,687,300,5,3689,23
2055,979,36,2,38798,30
2056,250,79,5,49232,8
2057,713,477,4,18355,28
2058,856,329,3,31468,12
2059,846,382,1,4031,20
2060,739,18,4,27133,47
2061,769,340,2,1623,31
2062,840,304,3,2495,7
2063,195,424,4,45988,13
2064,390,436,5,14308,38
2065,370,429,4,9883,33
2066,388,383,1,10352,39
2067,704,453,4,1021,37
2068,161,237,-3,46759,13
2069,130,349,3,34596,34
2070,740,129,2,2803,37
2071,973,36,1,32888,6
2072,31,278,1,17533,21
2073,760,80,2,48823,29
2074,519,337,3,37014,12
2075,382,182,5,20585,44
2076,953,449,1,31351,50
2077,472,115,1,28696,40
2078,190,449,4,34965,24
2079,170,264,2,17954,21
2080,593,226,1,35614,29
2081,612,83,2,35853,12
2082,847,231,3,7496,14
2083,771,124,2,20067,28
2084,551,428,5,25348,47
2085,288,17,2,20853,11
2086,787,285,5,40145,22
2087,58,348,2,20037,9
2088,376,239,2,6711,1
2089,558,205,2,4510,12
2090,916,196,5,38579,8
2091,623,169,3,16501,33
2092,244,436,2,4296,45
2093,862,262,1,36237,23
2094,559,58,5,49487,15
2095,641,110,5,16380,20
2096,493,170,1,45373,0
2097,680,366,3,3484,37
2098,708,75,3,4251,32
2099,58,180,2,37985,1
2100,652,133,2,9805,23
2101,207,413,4,44578,21
2102,534,188,1,34742,16
2103,218,361,1,4163,43
2104,92,220,3,19750,45
2105,628,498,3,33790,3
2106,444,436,1,3813,5
2107,560,368,4,12185,44
2108,9,203,4,10749,23
2109,566,263,5,49236,46
2110,326,154,3,37723,46
2111,354,133,5,7004,6
2112,844,53,2,28422,43
2113,366,268,3,38613,27
2114,676,216,3,31007,20
2115,746,453,1,5927,35
2116,54,188,5,29072,37
2117,794,330,5,6793,28
2118,299,275,4,541,13
2119,873,233,1,25515,10
2120,347,176,4,19968,12
2121,526,134,3,3504,7
2122,425,385,2,947,11
2123,255,14,5,37572,19
2124,225,356,3,29128,5
2125,930,397,2,49597,38
2126,474,313,3,5637,15
2127,951,426,3,4362,12
2128,476,433,4,1915,46
2129,562,8,5,39411,22
2130,370,448,5,29355,50
2131,547,252,3,40561,20
2132,932,294,2,22170,2
2133,406,429,2,33011,33
2134,7,492,3,8804,23
2135,226,167,-3,12788,36
2136,359,455,5,46814,3
2137,83,106,4,9175,2
2138,577,128,2,42130,37
2139,620,317,4,28648,35
2140,19,253,3,36817,19
2141,488,60,2,6271,28
2142,436,200,5,49346,26
2143,125,203,5,30623,29
2144,51,414,1,13260,35
2145,490,236,2,18466,16
2146,395,319,5,28750,38
2147,30,324,2,28027,43
2148,601,250,5,9273,45
2149,308,484,1,14939,47
2150,167,11,5,12761,35
2151,466,152,3,7590,45
2152,206,171,1,33885,7
2153,671,454,4,32102,1
2154,586,358,5,31459,20
2155,1005,147,3,18742,39
2156,645,78,3,12727,3
2157,933,274,5,37661,45
2158,407,235,2,11736,6
2159,837,175,4,38298,37
2160,293,80,3,44010,30
2161,997,202,4,291,47
2162,636,266,5,25713,24
2163,857,471,5,43783,30
2164,379,127,2,10878,9
2165,919,316,2,34591,46
2166,184,54,2,22411,33
2167,437,42,1,29430,38
2168,78,297,3,2638,18
2169,316,7,3,22474,39
2170,376,221,1,45784,6
2171,502,97,4,44905,13
2172,341,390,4,18330,38
2173,135,257,2,25815,1
2174,246,247,5,49039,24
2175,805,471,1,8194,44
2176,443,92,4,7484,19
2177,517,232,5,4809,21
2178,757,294,2,6838,2
2179,981,46,4,43452,14
2180,110,118,1,18981,46
2181,785,407,4,43209,35
2182,163,168,3,48390,22
2183,676,336,1,42570,34
2184,544,443,4,9451,30
2185,358,83,3,33910,44
2186,115,327,5,46533,41
2187,670,66,1,8647,6
2188,130,286,1,19482,34
2189,747,75,2,12637,19
2190,132,83,1,41836,3
2191,192,398,4,20633,47
2192,966,117,2,16904,27
2193,539,98,1,27588,30
2194,872,30,1,753,43
2195,531,375,2,29210,33
2196,954,483,3,30432,49
2197,69,245,-4,28783,16
2198,500,123,3,22349,15
2199,686,219,5,44444,6
2200,369,112,1,1024,21
2201,793,271,2,13249,7
2202,589,394,4,18978,11
2203,751,172,3,127,43
2204,613,319,2,30448,50
2205,107,94,1,40416,35
2206,510,61,1,37716,35
2207,172,323,2,44437,45
2208,262,407,5,37304,20
2209,714,122,2,45385,13
2210,186,374,3,17192,44
2211,435,24,4,22633,14
2212,185,199,2,9687,3
2213,416,234,1,33442,29
2214,765,67,4,41149,3
2215,292,154,2,14392,17
2216,889,200,5,29923,14
2217,77,29,1,45279,15
2218,130,468,4,41019,49
2219,427,225,2,41664,32
2220,988,197,3,31727,36
2221,627,10,1,9974,49
2222,674,464,4,10862,50
2223,609,29,1,32185,13
2224,353,78,3,6048,42
2225,856,122,2,31632,4
2226,794,413,4,48318,19
2227,844,30,1,6807,5
2228,871,442,2,31983,16
2229,942,232,2,16616,32
2230,166,143,1,17272,4
2231,449,429,2,681,43
2232,69,244,5,14387,42
2233,519,220,3,45050,15
2234,1017,306,4,3730,3
2235,735,241,4,37737,36
2236,21,490,3,9612,29
2237,710,62,4,34387,4
2238,858,239,3,4726,24
2239,173,3,2,46506,35
2240,981,176,1,14743,3
2241,695,278,3,5756,5
2242,183,15,2,19202,25
2243,972,143,3,1225,13
2244,402,101,1,26898,23
2245,805,80,4,12492,24
2246,162,259,1,40375,22
2247,642,66,4,29128,36
2248,636,302,1,4723,9
2249,377,426,5,25444,37
2250,86,427,2,24901,19
2251,202,480,5,44272,16
2252,441,41,4,46869,42
2253,941,356,4,5851,30
2254,699,319,5,8564,11
2255,482,321,5,3221,40
2256,997,392,3,2352,35
2257,298,462,3,35795,9
2258,515,69,3,21916,32
2259,812,57,1,43083,12
2260,335,106,3,28526,4
2261,15,327,5,23798,49
2262,239,427,5,32734,44
2263,418,450,5,36060,43
2264,370,195,5,40611,40
2265,3,370,5,27848,36
2266,254,150,4,6738,27
2267,582,475,1,11302,39
2268,967,353,5,26174,30
2269,677,189,5,24956,13
2270,320,324,2,10599,38
2271,26,423,5,12609,21
2272,506,351,3,13887,37
2273,905,172,1,49889,29
2274,45,53,3,41176,36
2275,393,150,2,32191,29
2276,620,104,5,24971,9
2277,652,31,2,41170,39
2278,901,391,4,12664,44
2279,190,241,4,16826,5
2280,921,195,3,18854,8
2281,394,477,2,23279,25
2282,702,327,3,693,27
2283,204,6,5,39049,31
2284,632,216,3,3861,5
2285,950,232,4,43105,31
2286,262,19,3,8633,25
2287,26,494,3,23259,15
2288,317,476,4,48714,14
2289,903,415,3,34130,20
2290,181,281,1,3435,1
2291,182,218,2,16738,13
2292,587,204,5,46891,46
2293,454,74,4,6569,29
2294,1015,367,5,28708,30
2295,710,386,5,37967,15
2296,766,47,1,3362,34
2297,742,46,1,4023,36
2298,879,250,1,44087,42
2299,510,240,5,12296,18
2300,374,262,1,12684,50
2301,657,234,4,42669,2
2302,802,388,1,42973,42
2303,805,494,3,14041,11
2304,677,185,2,27243,15
2305,894,8,3,28970,22
2306,495,218,4,7229,8
2307,45,312,3,3924,49
2308,412,265,3,5702,16
2309,466,6,1,5258,8
2310,476,130,3,17213,7
2311,654,366,3,24443,34
2312,582,135,5,8901,42
2313,796,396,3,1339,43
2314,966,36,2,5306,26
2315,316,495,1,11429,24
2316,904,236,1,28418,42
2317,257,149,2,559,44
2318,975,166,3,33597,44
2319,607,389,5,6234,4
2320,935,325,4,12237,14
2321,82,49,4,42836,0
2322,73,16,3,8302,21
2323,448,454,5,20040,44
2324,677,477,3,30618,25
2325,529,177,5,9388,18
2326,48,127,5,35978,31
2327,734,47,5,12654,23
2328,84,422,3,7607,18
2329,367,54,4,1157,12
2330,913,415,1,44405,0
2331,373,392,4,36797,43
2332,776,279,1,13043,21
2333,353,256,1,45771,30
2334,878,8,4,13720,15
2335,664,246,4,18952,29
2336,192,338,2,36641,31
2337,969,158,1,9518,37
2338,619,374,1,19306,34
2339,512,240,3,25172,45
2340,897,44,4,7905,20
2341,431,414,1,15501,12
2342,980,406,3,41365,29
2343,215,427,4,28410,0
2344,680,197,2,29337,39
2345,677,140,4,22221,0
2346,958,474,4,24815,44
2347,96,337,4,27260,5
2348,711,152,5,42270,10
2349,405,250,2,34704,15
2350,457,224,3,41154,46
2351,518,63,5,49100,15
2352,430,74,3,41692,15
2353,701,373,1,47652,1
2354,430,138,2,13058,37
2355,145,295,2,6882,34
2356,235,342,4,42426,22
2357,928,330,5,24873,6
2358,263,425,1,13815,35
2359,802,40,4,18301,14
2360,289,327,1,34926,18
2361,501,391,2,7162,30
2362,90,237,1,16196,39
2363,187,206,4,28632,37
2364,86,253,2,28092,20
2365,778,169,3,32491,19
2366,997,129,4,41069,12
2367,13,367,3,12272,19
2368,883,489,2,20701,21
2369,698,155,3,32235,35
2370,330,308,5,47865,19
2371,649,340,3,1659,26
2372,218,89,5,8531,34
2373,588,266,1,26399,2
2374,942,444,4,41651,38
2375,110,148,4,10971,26
2376,592,76,2,11288,49
2377,809,187,3,11910,16
2378,16,3,3,447,14
2379,833,162,3,35891,29
2380,223,65,5,7796,49
2381,405,438,3,44738,9
2382,998,266,1,36235,14
2383,756,9,3,4010,6
2384,915,375,4,21768,39
2385,772,361,1,10066,17
2386,167,6,1,13760,14
2387,78,55,1,48555,12
2388,397,112,1,23635,37
2389,24,155,2,2974,33
2390,965,206,1,25368,21
2391,116,213,1,34231,36
2392,961,338,5,16758,17
2393,857,62,1,25084,23
2394,486,410,2,42388,30
2395,63,271,2,48242,45
2396,743,465,2,21907,33
2397,975,217,2,21824,37
2398,860,439,1,47332,5
2399,182,89,3,27010,19
2400,842,245,2,33649,22
2401,307,306,5,21659,47
2402,236,186,3,33252,33
2403,755,19,4,3665,18
2404,815,236,4,25977,5
2405,383,404,1,42061,49
2406,662,405,1,3932,0
2407,267,132,4,31136,20
2408,747,357,3,7799,21
2409,431,275,5,26175,41
2410,761,293,2,32487,39
2411,651,183,5,20663,11
2412,201,225,1,49122,47
2413,343,141,1,20669,33
2414,506,35,5,36676,39
2415,326,155,4,26030,21
2416,215,70,2,9144,6
2417,93,298,3,7419,43
2418,191,242,5,36832,23
2419,773,252,1,39864,5
2420,126,219,4,45338,46
2421,685,317,5,13401,7
2422,707,198,3,47560,12
2423,975,280,2,15131,34
2424,904,95,5,14339,29
2425,20,377,3,12420,16
2426,887,66,4,24025,21
2427,621,266,1,45579,31
2428,664,22,1,26026,37
2429,436,467,2,41677,25
2430,683,281,4,41158,50
2431,770,156,3,36898,11
2432,550,246,5,19060,12
2433,430,27,5,2319,3
2434,959,134,2,4713,1
2435,850,227,1,8288,9
2436,759,432,5,19008,25
2437,4,455,5,11965,37
2438,716,15,1,33582,41
2439,728,110,5,47456,4
2440,611,410,1,15066,10
2441,632,39,3,42039,21
2442,541,448,5,40681,25
2443,965,60,4,173,42
2444,797,343,5,38568,26
2445,11,6,4,11226,27
2446,237,226,4,18809,31
2447,726,108,1,45829,17
2448,192,435,4,728,46
2449,304,72,4,27026,46
2450,30,93,2,13435,20
2451,353,198,2,40206,21
2452,588,157,1,12201,50
2453,897,409,3,2981,5
2454,249,170,1,4610,21
2455,697,125,5,5177,20
2456,157,340,5,40431,41
2457,665,474,5,415,36
2458,519,301,3,42205,39
2459,653,107,2,1981,3
2460,300,146,4,31980,31
2461,373,378,1,17860,26
2462,908,348,1,14797,0
2463,253,101,1,34523,24
2464,36,427,3,9410,44
2465,194,368,5,19528,35
2466,8,234,2,15669,8
2467,695,253,5,6208,24
2468,147,439,3,35811,33
2469,120,355,2,29528,9
2470,596,242,2,17781,40
2471,132,277,4,34843,43
2472,718,118,4,17006,42
2473,288,387,4,33351,13
2474,142,327,1,10230,7
2475,892,277,2,22366,49
2476,790,36,-3,35316,45
2477,345,367,1,13532,11
2478,619,400,3,4612,30
2479,186,336,4,48835,15
2480,295,449,3,22752,0
2481,857,403,1,13442,18
2482,669,5,2,16284,42
2483,942,283,3,35191,14
2484,201,165,1,36160,24
2485,639,69,4,24044,40
2486,65,138,5,23350,16
2487,625,281,1,20701,4
2488,144,487,2,40252,11
2489,207,299,5,34570,36
2490,339,450,1,17294,31
2491,768,160,3,7777,5
2492,466,173,3,11892,14
2493,180,353,1,25388,15
2494,861,195,5,35286,31
2495,918,99,1,45932,7
2496,945,198,1,5508,35
2497,219,368,4,33265,47
2498,445,321,3,11480,31
2499,704,487,2,3008,38
2500,873,223,3,9929,14
2501,786,498,1,46391,21
2502,802,12,3,613,45
2503,966,52,1,44394,40
2504,55,441,2,45205,24
2505,711,149,4,36542,32
2506,138,22,2,46523,39
2507,63,446,3,44538,45
2508,430,118,1,22499,8
2509,357,122,3,8102,30
2510,932,469,3,26022,13
2511,641,352,3,20351,20
2512,858,464,4,46827,47
2513,932,150,3,15969,30
2514,919,464,-5,28856,32
2515,181,83,1,30220,25
2516,848,254,5,44445,11
2517,330,10,5,46875,29
2518,698,462,-2,5268,7
2519,224,363,4,49661,47
2520,8,277,3,10625,7
2521,726,69,4,44948,7
2522,250,183,4,19982,40
2523,281,87,3,11951,2
2524,891,303,3,47770,47
2525,480,56,1,366,23
2526,667,85,5,26615,19
2527,499,161,1,34329,23
2528,432,29,2,18035,38
2529,990,2,1,30502,5
2530,191,54,3,38082,16
2531,772,1,2,10443,39
2532,463,314,1,38453,1
2533,237,432,4,27807,49
2534,405,198,3,43730,43
2535,193,377,-5,7859,8
2536,289,360,5,46986,35
2537,516,315,5,27293,5
2538,369,75,1,38588,48
2539,495,113,5,20561,23
2540,214,488,2,12958,24
2541,361,92,2,7614,27
2542,291,438,2,7658,7
2543,344,498,1,39622,50
2544,594,395,2,14992,2
2545,93,26,3,43419,19
2546,749,199,2,45401,2
2547,416,277,2,13224,45
2548,841,248,4,37206,2
2549,10,139,2,7617,42
2550,166,78,4,33210,39
2551,536,496,1,140,0
2552,749,450,5,6213,42
2553,832,380,1,38648,4
2554,971,3,3,3987,27
2555,687,217,3,27905,44
2556,332,344,3,11481,50
2557,950,287,3,32054,5
2558,583,134,3,9217,40
2559,971,375,3,47002,47
2560,665,418,5,3050,3
2561,89,262,4,38212,50
2562,1015,347,2,6396,7
2563,734,148,3,13902,26
2564,384,490,4,1432,36
2565,227,180,5,27426,33
2566,89,271,5,5795,38
2567,880,158,3,45879,19
2568,157,141,1,27770,9
2569,510,437,2,26918,42
2570,597,456,2,11945,26
2571,782,325,4,45208,15
2572,41,380,1,32540,42
2573,437,77,3,43373,21
2574,602,48,4,14608,37
2575,276,364,5,36407,27
2576,597,106,1,48869,9
2577,862,77,5,28799,28
2578,221,421,2,31889,32
2579,867,199,5,1678,35
2580,631,390,5,9138,45
2581,128,39,4,27823,23
2582,608,497,4,49973,26
2583,748,81,2,35280,34
2584,887,169,2,22841,19
2585,292,144,2,38828,33
2586,371,338,5,20281,49
2587,994,183,2,3288,10
2588,657,94,1,18341,11
2589,122,110,5,46788,50
2590,720,291,3,24122,7
2591,232,114,2,36168,27
2592,179,264,1,45643,45
2593,897,6,2,10880,18
2594,741,362,5,48510,24
2595,769,353,3,20770,18
2596,56,402,2,12256,24
2597,912,2,5,38940,14
2598,314,404,4,35772,34
2599,561,221,5,39741,47
2600,11,76,2,8026,0
2601,989,418,3,2880,29
2602,603,89,3,35048,46
2603,554,5,5,29806,16
2604,127,23,3,946,21
2605,416,55,1,16590,22
2606,910,76,1,44208,26
2607,447,442,5,13992,24
2608,961,435,4,34976,1
2609,493,33,3,13316,8
2610,995,302,5,2042,13
2611,974,390,4,7900,38
2612,669,147,5,43225,37
2613,830,276,3,10518,36
2614,327,266,5,48700,20
2615,36,429,1,19147,36
2616,18,473,4,17197,42
2617,621,100,5,45042,43
2618,774,438,5,7060,6
2619,155,249,5,37133,15
2620,235,171,4,47371,31
2621,649,336,5,26706,41
2622,237,324,1,32965,41
2623,67,306,5,27676,42
2624,325,174,4,35278,18
2625,197,459,3,39063,45
2626,62,84,3,28551,40
2627,184,316,5,17776,41
2628,775,219,4,27233,6
2629,834,103,3,21726,17
2630,838,302,3,13872,46
2631,544,172,5,13071,32
2632,119,352,2,49144,50
2633,991,310,4,28502,29
2634,555,431,2,38048,36
2635,497,493,3,18720,25
2636,41,288,-5,31245,5
2637,917,353,2,29126,31
2638,975,461,4,40806,48
2639,811,472,4,3310,24
2640,720,208,3,45085,43
2641,208,433,3,40101,48
2642,98,250,3,22711,46
2643,326,162,1,25729,10
2644,258,295,1,44928,28
2645,554,145,4,38846,44
2646,116,342,5,5907,36
2647,202,485,4,5088,25
2648,673,112,-3,12254,16
2649,643,160,1,45226,32
2650,937,34,4,13462,13
2651,255,81,4,38196,33
2652,809,491,1,35542,46
2653,764,18,4,45627,50
2654,943,390,5,47496,10
2655,450,349,2,29785,22
2656,618,233,3,46347,44
2657,352,376,1,11026,35
2658,232,50,3,35739,21
2659,37,194,3,35143,32
2660,665,240,4,16864,39
2661,336,414,2,5889,23
2662,675,383,4,48332,48
2663,987,206,3,34588,46
2664,291,133,5,42220,8
2665,301,264,1,32272,26
2666,701,176,2,573,23
2667,611,473,5,48004,26
2668,781,183,4,46761,48
2669,148,84,5,4397,30
2670,903,488,4,14260,37
2671,86,220,1,22913,12
2672,634,76,4,11053,7
2673,886,290,5,30702,45
2674,253,36,4,42494,12
2675,537,485,5,40818,3
2676,775,343,3,27357,43
2677,918,14,-1,35545,16
2678,512,300,1,48993,48
2679,925,430,5,1513,6
2680,135,441,4,118,3
2681,686,232,5,31790,39
2682,735,247,1,22567,27
2683,946,192,5,4099,17
2684,852,92,5,25959,6
2685,58,56,1,20668,7
2686,623,474,2,26407,25
2687,429,380,5,36752,50
2688,788,36,5,14962,7
2689,509,417,4,38995,29
2690,656,36,2,36187,16
2691,614,452,1,42257,18
2692,325,354,4,1827,47
2693,678,294,4,44186,28
2694,548,309,-5,30983,1
2695,161,157,2,6314,15
2696,581,219,4,47047,14
2697,731,436,5,28632,45
2698,920,166,-2,19767,40
2699,419,486,4,26238,10
2700,457,137,2,47754,29
2701,636,184,4,22617,40
2702,936,45,3,21622,17
2703,905,106,4,14430,30
2704,263,172,5,35504,28
2705,128,377,1,29613,32
2706,375,181,3,9401,18
2707,798,217,3,34710,37
2708,229,260,5,3892,18
2709,912,220,2,42251,25
2710,649,201,1,29686,8
2711,977,251,2,17401,49
2712,20,177,3,35961,10
2713,837,337,5,31930,24
2714,319,144,-5,12310,32
2715,856,488,1,14872,30
2716,189,194,3,44988,0
2717,863,17,3,31746,27
2718,583,185,4,12515,12
2719,503,326,2,18025,47
2720,94,15,4,45834,20
2721,719,473,2,32575,23
2722,974,179,4,12712,5
2723,979,295,4,19387,32
2724,144,436,4,34573,47
2725,36,349,5,4728,25
2726,778,213,2,48118,23
2727,895,291,5,39243,25
2728,66,489,4,22386,1
2729,592,494,5,5090,48
2730,435,362,4,11058,22
2731,478,58,5,5433,35
2732,470,238,1,41157,30
2733,772,175,3,9013,41
2734,140,186,5,22396,11
2735,417,270,4,41129,12
2736,809,101,4,8773,48
2737,679,318,3,42004,49
2738,778,495,5,12936,17
2739,219,82,4,1978,6
2740,454,116,4,39307,46
2741,784,308,3,2064,12
2742,247,18,4,26775,32
2743,857,48,3,29204,23
2744,300,403,2,16311,36
2745,634,305,4,32173,11
2746,590,412,4,43054,5
2747,298,154,4,29541,37
2748,997,251,5,26518,6
2749,854,319,3,23241,35
2750,104,108,2,2308,18
2751,354,55,5,31921,44
2752,799,210,5,14503,4
2753,189,448,1,17389,39
2754,852,43,3,38829,20
2755,605,399,3,48554,7
2756,79,66,4,19216,36
2757,372,211,5,49828,20
2758,387,35,2,10986,13
2759,687,381,4,22011,13
2760,509,214,4,44108,7
2761,133,444,5,42741,31
2762,518,240,3,293,6
2763,689,104,2,44278,22
2764,424,494,-2,30406,24
2765,352,28,2,44679,4
2766,595,380,4,19483,21
2767,592,169,5,14479,39
2768,34,60,-5,10180,33
2769,261,427,5,29370,38
2770,461,20,1,5010,18
2771,53,366,1,900,0
2772,289,214,4,44543,22
2773,671,486,2,14966,46
2774,63,448,1,46169,23
2775,165,476,5,5716,45
2776,337,396,3,48554,42
2777,532,425,1,41161,47
2778,271,151,1,25412,35
2779,365,72,2,15509,49
2780,910,95,1,39211,16
2781,177,39,1,18803,43
2782,121,330,1,29129,3
2783,11,232,2,39165,0
2784,801,255,5,41982,2
2785,233,433,5,31155,46
2786,969,106,5,31111,35
2787,249,59,3,40305,50
2788,576,436,4,19311,0
2789,169,230,1,16736,2
2790,680,185,3,11262,1
2791,540,251,4,7670,17
2792,858,173,3,2172,18
2793,53,476,5,8544,7
2794,80,462,4,26459,47
2795,392,408,2,45099,31
2796,785,213,-5,27141,4
2797,884,450,1,27017,10
2798,1009,201,-2,14463,43
2799,744,168,3,14562,13
2800,308,453,2,42160,34
2801,3,403,3,41444,36
2802,598,87,3,6149,3
2803,566,39,3,4946,46
2804,396,472,2,2718,39
2805,656,235,1,24823,7
2806,608,237,1,41258,22
2807,546,413,5,7422,34
2808,767,248,3,25740,19
2809,460,70,5,26273,11
2810,693,305,1,47132,42
2811,332,232,4,9077,40
2812,846,261,1,32513,33
2813,80,262,4,24687,15
2814,763,60,3,40481,28
2815,285,268,4,18818,22
2816,519,166,1,49499,4
2817,725,466,4,18578,50
2818,516,226,3,9599,33
2819,997,291,5,47030,21
2820,781,224,2,23480,10
2821,502,394,3,12071,13
2822,124,109,5,11725,48
2823,936,434,5,49754,50
2824,180,88,5,41361,13
2825,227,49,2,20520,32
2826,530,460,3,14868,39
2827,956,364,2,5549,15
2828,114,252,3,24764,25
2829,343,127,3,1044,47
2830,605,337,4,34532,35
2831,223,3,5,9785,35
2832,94,41,4,40381,24
2833,120,292,2,36890,39
2834,75,378,1,37969,50
2835,413,381,1,5878,8
2836,256,49,4,16383,36
2837,990,48,1,25151,11
2838,586,165,4,7026,12
2839,571,218,5,5382,19
2840,709,197,5,24022,23
2841,46,117,5,26371,38
2842,243,170,3,27978,25
2843,829,47,2,12595,12
2844,232,208,2,49541,47
2845,734,119,5,15529,6
2846,18,32,5,22441,10
2847,154,84,2,31112,35
2848,615,327,1,48155,45
2849,266,291,2,48371,46
2850,687,6,2,43849,9
2851,183,58,4,33291,20
2852,706,298,5,6046,8
2853,27,14,-4,28608,41
2854,496,215,1,19075,35
2855,406,238,5,5008,19
2856,875,495,1,15405,47
2857,116,92,1,26390,5
2858,276,319,4,35367,3
2859,316,354,5,39422,13
2860,907,53,4,22108,3
2861,842,295,2,39062,8
2862,586,132,3,24264,35
2863,944,278,1,1790,38
2864,733,232,3,36685,14
2865,368,127,2,41735,17
2866,262,135,5,5575,10
2867,612,122,1,8901,20
2868,110,89,2,7635,7
2869,998,470,4,18382,3
2870,843,165,4,4365,50
2871,516,279,3,48486,40
2872,501,408,4,34583,37
2873,359,312,5,40025,36
2874,901,288,1,6707,17
2875,735,98,5,19808,47
2876,63,53,4,37233,48
2877,1006,420,5,24313,16
2878,973,382,3,26858,48
2879,466,456,5,41738,44
2880,801,360,2,5759,47
2881,966,83,5,1179,18
2882,545,67,2,29743,32
2883,956,351,4,3399,44
2884,462,301,1,43084,34
2885,763,468,4,19715,48
2886,996,242,2,20798,20
2887,590,190,1,14214,28
2888,870,149,-3,14937,42
2889,388,41,2,15220,22
2890,552,117,4,32571,0
2891,707,89,-4,46004,46
2892,252,485,1,1832,22
2893,381,317,1,19494,33
2894,412,286,4,20082,48
2895,868,187,4,40741,20
2896,876,135,4,31191,36
2897,845,19,1,15460,19
2898,843,434,2,5490,42
2899,235,156,-3,26595,35
2900,104,297,5,25733,46
2901,19,196,5,34968,21
2902,349,198,5,10294,26
2903,391,413,1,5934,32
2904,301,39,1,33971,25
2905,48,403,1,24771,44
2906,137,135,3,32242,25
2907,208,307,2,11665,10
2908,1019,275,5,4046,26
2909,601,432,2,452,41
2910,71,30,1,6142,31
2911,95,40,4,34071,6
2912,1016,178,-2,15844,8
2913,547,287,5,2987,29
2914,213,54,2,25586,47
2915,369,197,4,930,31
2916,557,338,3,42378,42
2917,386,113,2,7078,18
2918,281,24,1,14726,20
2919,812,283,2,18822,10
2920,606,260,2,32144,49
2921,369,15,4,13511,24
2922,52,403,1,20380,15
2923,884,260,2,33536,4
2924,445,366,5,16828,0
2925,713,189,5,23307,0
2926,176,401,3,47532,47
2927,23,100,4,40091,30
2928,952,443,5,28414,1
2929,308,277,2,3344,27
2930,708,189,1,36324,49
2931,116,152,5,49969,7
2932,297,161,1,37200,49
2933,663,133,4,24346,22
2934,679,278,2,11958,20
2935,417,251,4,30216,25
2936,264,6,4,25207,37
2937,926,379,5,42648,41
2938,833,476,2,4165,42
2939,702,73,-1,22678,13
2940,541,62,3,33258,32
2941,199,71,5,29162,2
2942,599,46,3,26884,48
2943,667,3,5,20242,11
2944,572,99,4,11928,36
2945,859,499,2,46302,41
2946,54,393,3,16704,24
2947,964,60,4,45432,39
2948,419,239,4,2133,50
2949,213,365,1,48262,13
2950,368,421,2,44826,29
2951,334,105,5,26491,30
2952,977,306,3,14204,3
2953,738,301,1,31177,45
2954,92,178,4,29573,43
2955,1012,402,4,15533,38
2956,656,101,5,19157,41
2957,478,417,3,15384,10
2958,909,239,-1,29768,49
2959,53,415,3,38601,29
2960,984,77,5,19524,40
2961,442,264,1,38208,6
2962,306,495,3,32340,41
2963,347,69,1,7255,16
2964,969,412,4,12245,0
2965,10,421,2,32580,36
2966,267,162,5,15284,47
2967,386,192,5,21859,47
2968,486,31,1,44010,17
2969,364,217,3,14062,9
2970,473,18,3,2469,13
2971,318,14,5,27378,23
2972,1007,350,3,31674,40
2973,652,38,2,25675,21
2974,337,65,3,26844,10
2975,530,170,5,44678,8
2976,151,82,2,21478,39
2977,251,254,3,39841,24
2978,321,437,3,1281,0
2979,21,408,3,14155,2
2980,357,278,3,3195,28
2981,312,368,4,39347,42
2982,193,78,5,31468,19
2983,982,214,1,12991,9
2984,473,494,5,8814,48
2985,619,331,4,18751,10
2986,612,134,4,35757,24
2987,700,422,5,22312,40
2988,891,313,2,15196,4
2989,383,265,3,13381,7
2990,317,388,5,37631,12
2991,708,117,2,25957,50
2992,514,387,5,12598,40
2993,819,404,5,21943,42
2994,734,310,5,47232,16
2995,293,35,4,5554,19
2996,946,106,5,47122,0
2997,743,134,2,38088,39
2998,144,193,1,19468,18
2999,954,33,3,2237,13
3000,295,258,3,26363,2
