customer_id,customer_name,email,registration_date,customer_type
1,Sara Miles,samuel44@example.net,2026-04-17,REGULAR
2,Kayla Johnson,kimberlyrogers@example.net,2023-08-18,VIP
3,Todd Aguirre,angelica59@example.org,2023-09-15,PREMIUM
4,Brittany Stephenson,chavezfrancisco@example.com,2026-04-25,VIP
5,Cesar Romero,kennethzimmerman@example.net,2026-01-24,VIP
6,Donald Nelson,halladam@example.net,2024-10-08,REGULAR
7,Antonio Harris,fallen@example.net,2025-05-06,PREMIUM
8,Nancy Davis,hendersonsteven@example.com,2024-09-01,PREMIUM
9,Thomas Moore,markhurst@example.com,2025-09-03,PREMIUM
10,David Lam,ygentry@example.net,2023-11-06,PREMIUM
11,Allison Barron,angelarodriguez@example.org,2025-06-27,PREMIUM
12,Deborah Smith,npetersen@example.com,2023-11-09,REGULAR
13,Jason Robles,nelsonbruce@example.net,2024-03-04,VIP
14,Kevin Morgan,pattonanna@example.net,2024-10-06,REGULAR
15,Jonathon Garza,willie11@example.org,2025-01-08,REGULAR
16,Alejandra Ruiz,rodriguezstephanie@example.org,2024-06-11,PREMIUM
17,Mr. Jerry Padilla,njohnson@example.com,2026-01-27,PREMIUM
18,Susan White,davenportjonathan@example.net,2025-05-01,PREMIUM
19,Megan Sanders,fwalters@example.com,2024-04-19,REGULAR
20,Joel Bartlett MD,kingsandra@example.net,2025-07-14,VIP
21,Monica Conner,keith51@example.net,2024-10-23,VIP
22,Travis Marshall,kimberlyhaynes@example.org,2026-02-18,REGULAR
23,Amanda Miller,jessica80@example.org,2026-06-14,REGULAR
24,Luke Bonilla,michellevance@example.com,2023-08-20,PREMIUM
25,Amy Cannon,robertsbryan@example.net,2026-03-23,REGULAR
26,Timothy Huynh,kerradrian@example.com,2024-02-26,REGULAR
27,Joseph Joseph,destinyowens@example.net,2025-01-06,VIP
28,Matthew Wells,christophersmith@example.net,2023-12-14,PREMIUM
30,Kathy Young,wwilliams@example.org,2025-04-07,VIP
32,Vicki Wallace,zcarter@example.org,2025-01-22,PREMIUM
33,Michael Brown,rachel34@example.org,2024-04-19,REGULAR
34,Rebecca Baker,samanthashah@example.com,2024-08-31,REGULAR
35,Joe Villanueva,mperry@example.net,2026-07-01,VIP
36,David Perkins,shellyyoung@example.net,2025-10-08,REGULAR
37,Nicholas Edwards,sullivaneric@example.com,2023-08-18,PREMIUM
38,Beth Peterson,navarrosherry@example.com,2024-05-15,REGULAR
39,Emily Frazier,diana27@example.org,2023-09-15,REGULAR
40,Heather Davis,karenhanson@example.com,2023-11-21,VIP
41,Corey Castillo,weaverrobin@example.net,2024-08-21,VIP
42,Laura Smith,amanda10@example.net,2024-12-07,REGULAR
43,Deborah Garcia,amanda22@example.net,2026-05-15,REGULAR
44,Kelly Brady,jfreeman@example.org,2025-03-25,VIP
45,Donna Smith,englishchristopher@example.net,2024-05-17,VIP
46,Heather Gonzalez,helensandoval@example.com,2024-01-25,VIP
47,Lynn Weiss,jocelyn04@example.com,2026-04-27,PREMIUM
48,Travis Murray,dorseyomar@example.org,2025-11-29,VIP
50,Michael Valencia,saundersjennifer@example.org,2024-02-03,VIP
51,Lauren Butler,leemcfarland@example.com,2024-04-08,PREMIUM
52,Antonio Simpson,jonessuzanne@example.net,2024-09-19,PREMIUM
53,Devin Ramsey,erik15@example.com,2024-12-30,PREMIUM
55,Ryan Dunlap,aguilartammy@example.com,2026-03-06,PREMIUM
56,Brittany Berry,briannicholson@example.org,2024-11-03,VIP
57,Brianna Coleman,christopher79@example.org,2024-07-15,PREMIUM
58,Caroline Lewis,wendyjohnson@example.net,2025-07-05,VIP
59,Shawn Zamora,katherinebrowning@example.com,2024-06-18,PREMIUM
60,Courtney Knapp,sgood@example.com,2025-05-18,PREMIUM
61,Christine Edwards,gary51@example.org,2024-07-29,PREMIUM
62,Benjamin Figueroa,anthony62@example.net,2026-04-14,REGULAR
63,Brandon Rowe,torresjesse@example.com,2024-12-01,VIP
64,Benjamin Powell,evansdeborah@example.com,2024-05-22,VIP
65,Cheyenne Taylor,beckhannah@example.org,2024-05-11,PREMIUM
66,Veronica Holland,taylorgreen@example.com,2025-11-05,REGULAR
67,Pamela Reynolds,hicksstephanie@example.com,2025-12-14,VIP
68,Amanda Graham,rebecca90@example.org,2025-01-18,PREMIUM
69,Jennifer Dawson,charles57@example.net,2026-05-12,VIP
70,Natalie Wilson,lindsay04@example.net,2025-12-09,REGULAR
71,John Kemp,andrew76@example.net,2025-06-19,VIP
72,Victor Malone,breanna69@example.net,2024-09-28,VIP
73,Ashley Ramirez,sarah24@example.org,2025-07-09,VIP
74,Kathleen Garcia,cynthiahood@example.net,2024-02-07,REGULAR
75,Jeffrey Gentry,kimberly66@example.net,2024-01-19,REGULAR
76,Laura Novak,bstanton@example.com,2025-09-19,PREMIUM
77,Eric Rodriguez,hernandezchristopher@example.org,2024-08-16,VIP
78,Amber Ross,paulsmith@example.net,2024-06-18,VIP
79,Benjamin Pineda,christopher18@example.org,2024-07-24,VIP
80,Teresa Day,quinnbrandy@example.org,2024-03-14,REGULAR
81,Ms. Brenda Harmon DVM,bryan26@example.org,2025-07-08,REGULAR
82,Shawn Moore,colejohnson@example.net,2024-12-19,PREMIUM
83,Lauren Fisher,morgan81@example.org,2025-07-15,VIP
84,Kimberly Harrison,brandon98@example.net,2025-06-27,PREMIUM
85,David Bowman,zhess@example.com,2024-11-22,PREMIUM
86,William Reese,ebrewer@example.net,2024-06-20,VIP
87,Joyce Adkins,johngarcia@example.org,2025-02-16,PREMIUM
88,Theresa Marshall,john89@example.com,2025-10-15,VIP
90,Mark Buchanan,joshuagallegos@example.org,2026-02-27,VIP
91,Loretta Hudson,hwilliams@example.org,2024-01-06,REGULAR
92,Spencer Juarez,wfisher@example.com,2026-03-30,VIP
93,Katherine Ellis,liutyrone@example.org,2024-12-02,PREMIUM
94,Christina Carter,alyssa43@example.net,2024-02-06,PREMIUM
95,Jennifer Johnston,reneewalker@example.org,2025-01-08,VIP
96,Dustin Morris,lindsey06@example.com,2024-09-12,VIP
97,Christy Mathews,abigailwood@example.net,2024-05-12,PREMIUM
98,Adrian Hogan,qlynch@example.net,2024-09-15,VIP
99,Hayley Scott,rodriguezann@example.org,2026-06-15,REGULAR
100,Terry Gross,randallherrera@example.org,2024-12-24,VIP
101,Phillip Ferguson,josephwalker@example.net,2025-11-10,REGULAR
103,Tracy Johnson,derek71@example.org,2025-03-29,REGULAR
104,Michael Arnold,dlopez@example.com,2023-12-21,REGULAR
105,Ronald Walsh,rachael38@example.com,2024-04-21,VIP
106,Bethany Palmer,anthonyhall@example.com,2024-04-06,REGULAR
107,Dr. Kaitlyn Kennedy PhD,kayla32@example.org,2023-07-29,REGULAR
108,James Booker,franklinmichelle@example.net,2023-07-25,PREMIUM
109,Kimberly Henry,scott42@example.com,2026-04-21,VIP
110,Bradley Montgomery,debra28@example.org,2023-11-07,VIP
111,Benjamin Nichols,kwilliams@example.org,2024-11-09,PREMIUM
112,Amy Velez,garciabrian@example.net,2025-10-02,VIP
113,David Wallace,amber08@example.net,2024-03-12,PREMIUM
114,Sierra Miller,donaldbaker@example.net,2025-09-24,VIP
115,Rebecca Price,malloryhodges@example.org,2025-05-07,VIP
116,Rebecca Montgomery,mrodriguez@example.org,2024-11-01,REGULAR
117,Nathaniel Hayes,sanchezdean@example.net,2024-01-03,PREMIUM
118,Debra Kelley,laurawilson@example.net,2025-06-13,REGULAR
119,Chad Berger,matthew39@example.org,2025-03-30,REGULAR
120,John Taylor,melissa21@example.org,2024-11-15,REGULAR
121,Michael Armstrong,orichardson@example.net,2023-12-26,VIP
122,Ricky Morgan,hgreen@example.com,2025-09-28,REGULAR
123,Haley Day,lopezedward@example.net,2024-01-01,VIP
124,Gabriel Davis,alexander25@example.org,2025-12-30,VIP
125,Douglas Kelly,qwilson@example.net,2023-08-09,PREMIUM
126,Jaime Copeland,jonathangomez@example.net,2025-01-31,PREMIUM
127,Shelley Sparks,hollanddaniel@example.com,2024-04-13,VIP
128,Sarah Orr,moorebrenda@example.net,2024-08-13,PREMIUM
129,James Leach,wilkersontracy@example.com,2025-05-27,PREMIUM
130,Madison Yang,katie36@example.net,2026-03-05,REGULAR
131,Mr. Michael Brown,kfox@example.com,2025-04-17,PREMIUM
132,Mrs. Lori Parker PhD,donaldsonjessica@example.com,2025-05-10,REGULAR
133,Casey Rogers,ysmith@example.net,2025-07-12,VIP
134,Kevin Adams,sanchezkyle@example.net,2023-10-23,REGULAR
135,Corey Pratt,bwarren@example.com,2025-06-25,REGULAR
136,Leah Campbell,wendy02@example.com,2024-08-10,PREMIUM
137,Kristine Martin,valerie58@example.org,2026-02-02,REGULAR
138,Dennis Greene DDS,vmendoza@example.org,2025-03-13,VIP
139,Amanda Graham,george99@example.net,2023-07-26,VIP
140,Lisa Mitchell,tinanelson@example.net,2025-07-08,REGULAR
141,Patrick Evans,blakejoan@example.com,2023-09-22,REGULAR
142,Travis Bryant,meganhammond@example.net,2024-12-05,PREMIUM
143,Christopher Patterson,samuel59@example.net,2025-04-19,REGULAR
144,Amanda Johnson,david70@example.com,2025-12-05,REGULAR
145,Janet Perez,gailvelazquez@example.org,2025-06-03,PREMIUM
146,Troy Joseph,kristenfrazier@example.net,2024-02-03,VIP
147,Katherine Mccormick,kathleengross@example.com,2023-08-19,VIP
148,Natalie Martin,vlittle@example.com,2025-01-24,REGULAR
149,Thomas Bartlett,scott94@example.net,2025-06-18,REGULAR
150,Manuel Merritt,anitachen@example.com,2026-01-31,VIP
151,Douglas Nichols,gonzaleskellie@example.com,2023-08-28,PREMIUM
152,Adam Williams,herrerakyle@example.com,2025-01-15,VIP
153,Kirk Wood,abaker@example.net,2025-03-17,PREMIUM
154,Pamela Ramos,jreed@example.org,2024-12-16,PREMIUM
155,Melissa Conner,wagnercatherine@example.com,2025-10-30,REGULAR
156,Richard Wagner,susanrojas@example.com,2023-10-05,VIP
157,Bradley Small,morriscraig@example.org,2024-01-22,VIP
158,David Mann DDS,colleen78@example.com,2024-10-30,VIP
159,Ashley Lee,william76@example.com,2024-11-19,REGULAR
160,Lisa Lopez,dmartinez@example.org,2024-10-03,PREMIUM
161,Dana Atkinson,harold35@example.org,2026-01-13,REGULAR
162,Nicholas Sanchez,rhonda53@example.com,2023-08-12,REGULAR
163,Joel Pena,collinschristina@example.net,2025-08-28,REGULAR
164,Natalie Vaughn,alexander46@example.com,2026-06-03,PREMIUM
165,John Moore,nicholas25@example.net,2024-01-25,VIP
166,Nathaniel Harrison,josephjames@example.com,2025-08-16,PREMIUM
167,Emily Harrison,travisosborn@example.org,2026-01-12,REGULAR
168,Adam Navarro,jason87@example.com,2026-02-02,PREMIUM
169,Kyle Martinez,gregoryfranklin@example.org,2024-04-25,PREMIUM
170,Linda Herrera,jacqueline23@example.com,2023-07-14,REGULAR
171,Kenneth Gray,darryl46@example.org,2025-02-12,VIP
172,Diane Pennington,gregory22@example.com,2024-02-01,PREMIUM
173,Lisa Elliott,nwebb@example.com,2026-03-26,PREMIUM
174,Philip Robinson,roblespeter@example.com,2025-03-03,PREMIUM
175,David Wright,steve32@example.com,2026-05-06,REGULAR
176,Dr. Kim Kaufman,burgessrussell@example.net,2025-03-28,PREMIUM
177,Lauren Fisher,hperkins@example.net,2025-04-06,PREMIUM
178,Zachary Taylor,melissa23@example.net,2025-08-10,VIP
179,Patrick Brown,bentleyedwin@example.org,2026-07-01,REGULAR
180,Katrina Anderson,hayescarlos@example.org,2026-04-12,REGULAR
181,Zachary Jones,patricia71@example.net,2024-11-21,VIP
182,David Casey,stouttina@example.org,2023-12-02,PREMIUM
183,Gary Green,wendyglenn@example.org,2023-11-25,REGULAR
184,Christopher Escobar,natalie82@example.org,2026-06-13,REGULAR
185,Alyssa Mendez,jennifer12@example.com,2025-04-14,PREMIUM
186,Daniel Brock,nicole96@example.org,2024-10-14,VIP
187,Matthew Hayes,harrissuzanne@example.com,2026-04-14,PREMIUM
188,Mary Williams,gutierrezjennifer@example.net,2025-10-02,VIP
189,Alexandra Zhang,garymoore@example.com,2024-05-11,VIP
190,Alexander Moore,brandonmartinez@example.org,2025-04-13,REGULAR
191,Kevin Montes,crystal61@example.net,2026-03-06,REGULAR
192,Jackson English,nhoward@example.org,2026-02-21,VIP
193,Jeremy Herring,lbrown@example.com,2024-08-29,PREMIUM
194,Derek Burnett,lisakennedy@example.net,2025-01-08,REGULAR
195,Anthony Lewis,angeladunn@example.net,2024-07-06,VIP
196,Matthew Thompson,archertammy@example.com,2025-05-19,PREMIUM
197,Dr. Tiffany Gallagher DDS,whawkins@example.org,2025-12-13,VIP
198,Jay Conner,tiffanycooper@example.org,2024-12-24,PREMIUM
199,Sheri Wood,juan61@example.com,2026-01-20,REGULAR
200,Denise Young,elizabeth26@example.net,2025-01-23,PREMIUM
201,Anthony Davis,wjohnson@example.com,2025-01-01,VIP
202,Shelly Johnson,carrie00@example.org,2025-02-17,PREMIUM
203,Colleen Pena,cody70@example.com,2025-07-12,REGULAR
204,Ashley Chang,ronald96@example.org,2025-05-13,REGULAR
205,Peter Garcia,dhughes@example.com,2025-11-14,PREMIUM
206,Elizabeth Ho,qsmith@example.org,2025-04-26,PREMIUM
207,David Frost,jonesallison@example.com,2024-10-20,REGULAR
208,Kevin Tucker,edwardslisa@example.net,2025-10-30,VIP
209,Jaime Bell,jennifer49@example.net,2023-08-26,VIP
210,Justin Smith,pbird@example.org,2025-07-02,REGULAR
211,Sophia Wolf,dperez@example.com,2024-12-17,PREMIUM
212,Austin Callahan,nleonard@example.com,2026-02-08,VIP
213,Daniel Riley,nrhodes@example.org,2023-12-15,REGULAR
214,Melissa Brown,morrisonpamela@example.com,2025-10-05,PREMIUM
215,Allison Moss,lisa38@example.org,2023-11-06,VIP
216,Patrick Nelson,watersrandy@example.com,2024-09-01,PREMIUM
217,Jasmine Wang,lmitchell@example.org,2024-03-31,PREMIUM
218,Mary Aguilar,robert26@example.net,2024-02-14,PREMIUM
219,Susan Jackson DDS,charles87@example.org,2026-05-16,PREMIUM
220,Samuel Weber,russellmary@example.net,2025-07-06,VIP
221,Anthony Singleton,vanessaramirez@example.org,2026-01-04,PREMIUM
222,Kevin Golden,michael13@example.com,2025-11-13,PREMIUM
223,Jon Chandler,brittany59@example.com,2023-11-16,VIP
224,Kimberly Davis,dawnross@example.org,2023-07-30,PREMIUM
225,Wayne Shaw,lellis@example.com,2024-04-20,PREMIUM
226,Patrick Conley,cohenlisa@example.net,2024-10-02,VIP
227,Michelle Herman,thomasfelicia@example.com,2023-08-18,REGULAR
228,Loretta Bolton,karenmorrow@example.org,2024-05-13,REGULAR
229,Curtis Lee,tiffany38@example.com,2026-07-09,PREMIUM
230,Lauren Todd,nathan95@example.com,2024-07-24,REGULAR
231,Michael Reed,crosbycharles@example.net,2025-08-16,REGULAR
232,Sara Mora,ashley04@example.com,2024-01-16,PREMIUM
233,Maria Morgan,jocelyn12@example.com,2023-12-14,PREMIUM
234,Daniel Fitzpatrick,kevinhickman@example.com,2024-03-17,REGULAR
235,Robert Avila,april39@example.com,2023-09-21,PREMIUM
236,Robert Pearson,donald24@example.net,2023-09-04,REGULAR
237,Robert Kennedy,ochoawendy@example.com,2024-01-17,PREMIUM
238,Sheila Santos,tfreeman@example.org,2024-12-10,PREMIUM
239,Elizabeth Howe MD,eclark@example.org,2025-12-14,VIP
240,Joseph Morse,nkelly@example.org,2023-11-27,VIP
241,Terry Byrd,harrismichael@example.org,2024-01-12,PREMIUM
242,Lisa Woods,etaylor@example.net,2023-08-17,PREMIUM
243,Grace Gonzalez,corey03@example.com,2024-09-23,PREMIUM
244,Henry Roberson,xballard@example.org,2023-07-13,REGULAR
245,Gina West,hermanmark@example.org,2024-06-26,REGULAR
246,Nicole Cox,garnerchristine@example.org,2025-12-28,PREMIUM
247,Louis Harris,berrykristin@example.com,2023-10-11,REGULAR
248,Cynthia Santiago,zsanders@example.net,2025-03-07,REGULAR
249,Nathan Henry,jasontucker@example.org,2024-10-12,VIP
250,Ashley Ramirez,livingstonmary@example.net,2026-05-14,REGULAR
251,Thomas Galloway,mercedesray@example.org,2026-02-18,REGULAR
252,Jeffery Mendoza,jordanross@example.net,2026-03-24,PREMIUM
253,Melissa Lamb,william94@example.org,2025-06-15,PREMIUM
254,Sandra Johnson,matthew93@example.org,2024-09-21,REGULAR
255,Michelle Baker,blankenshipjavier@example.com,2024-02-25,VIP
257,Jordan Ramos,sanchezpatrick@example.com,2026-02-14,REGULAR
258,Michael Ruiz,dlee@example.org,2025-01-24,VIP
259,Megan Lee,mcalhoun@example.org,2025-05-26,REGULAR
260,Kelly Sims,xli@example.org,2024-12-20,VIP
261,Valerie Freeman,zbarrett@example.org,2026-05-04,PREMIUM
262,Ronald Reed,erin71@example.net,2025-12-27,VIP
263,Jason Jones,olopez@example.com,2026-05-10,VIP
264,Christopher Jefferson,oconnormary@example.net,2026-03-06,REGULAR
265,Jessica Fox,kristenbailey@example.org,2024-03-25,REGULAR
266,Adrian Petersen,peggy08@example.net,2026-01-18,VIP
267,Ashley Moore,jesse68@example.com,2023-07-18,VIP
268,Daisy Beasley,kathleendavis@example.com,2024-05-20,REGULAR
269,Krystal Wright,bsmith@example.net,2024-10-28,VIP
270,Melissa Stevens,troycampbell@example.net,2025-03-18,PREMIUM
271,Jennifer Holland,brendaburns@example.net,2023-10-10,PREMIUM
272,Frederick Glenn,valerieanderson@example.net,2026-05-21,PREMIUM
273,Amanda Gonzalez,amanda75@example.org,2024-10-21,PREMIUM
274,Wendy Robinson,msanchez@example.com,2024-01-15,PREMIUM
275,Jake Moreno,hcunningham@example.org,2025-01-27,VIP
276,Jose Brown,kylejames@example.net,2026-06-13,VIP
277,Charles Byrd,erika88@example.com,2023-09-17,PREMIUM
278,Ronald Cook,paynekaren@example.com,2024-04-15,VIP
279,Kim Trevino,anita52@example.com,2025-11-26,VIP
280,Eric Hughes,llopez@example.com,2024-11-13,PREMIUM
281,Kevin Pruitt,qwagner@example.org,2025-08-15,VIP
282,Latoya Potter,alexanderjeremy@example.org,2025-09-06,PREMIUM
283,Wayne Reyes,dodsonrobert@example.net,2026-06-24,REGULAR
284,Zoe Wilson,walterkathleen@example.com,2024-10-05,PREMIUM
285,Dennis Hunt,carpenteranna@example.org,2026-04-13,VIP
286,Morgan Hensley,ianderson@example.org,2023-09-06,PREMIUM
287,Laurie Saunders,brendan24@example.net,2026-03-22,PREMIUM
288,Casey Cruz,desiree50@example.org,2024-07-09,REGULAR
289,Philip Jones,gregory55@example.com,2024-09-20,VIP
291,Brandi Frazier,diana92@example.net,2024-03-11,VIP
292,Thomas Reyes,danalucas@example.com,2026-06-08,PREMIUM
293,Kathleen Olson,kristina01@example.org,2026-06-01,REGULAR
294,Anna Cardenas,jessesmith@example.net,2023-12-26,VIP
295,Debra Greer,vwilson@example.com,2024-02-08,REGULAR
296,Amy Price,wesleyodonnell@example.net,2026-02-10,REGULAR
297,James Roberts,aguilarmelissa@example.com,2024-12-07,PREMIUM
298,Veronica Sanders,angelicamartinez@example.com,2025-12-11,PREMIUM
299,Bryan Day,sramos@example.com,2023-10-11,VIP
300,Kathryn Lambert,hutchinsonangela@example.com,2024-07-14,PREMIUM
301,Gwendolyn Howard,ewilliams@example.com,2024-09-07,VIP
302,Karen Smith,matthew75@example.org,2025-07-08,PREMIUM
303,Patricia Larsen,cnichols@example.org,2023-11-14,REGULAR
304,Craig Stephenson,vwright@example.net,2024-12-30,VIP
305,Cindy Garcia,jessica14@example.net,2025-02-02,VIP
306,Beth Bradley,amandastewart@example.org,2023-09-29,VIP
307,Vanessa Lang,davisjames@example.com,2025-02-15,PREMIUM
308,John Knapp PhD,beltranshane@example.org,2025-04-08,VIP
309,Samantha Ellis,blake42@example.net,2024-05-14,REGULAR
310,Hannah Wilson,carterjoe@example.com,2023-08-11,REGULAR
311,Jenny Robbins,lwhite@example.net,2024-10-01,VIP
312,Peter Burns,berrymario@example.org,2026-04-25,PREMIUM
313,Mario Olson,garciatimothy@example.org,2026-01-15,VIP
314,Steven Montes,vincent62@example.com,2024-11-08,REGULAR
315,Robert Mitchell,patricia86@example.net,2025-10-08,VIP
316,Rebecca Campbell,nbarrett@example.net,2023-09-26,VIP
317,Henry Johnson,kyle95@example.net,2023-09-10,VIP
318,Steven Blake,gregory99@example.org,2023-12-23,REGULAR
319,Monica Carpenter,amanda21@example.net,2026-02-19,VIP
320,Jessica Levine MD,odavenport@example.org,2025-05-19,VIP
321,David Benjamin,nmaddox@example.com,2025-02-28,VIP
322,Diane Ward,mariemarsh@example.org,2024-10-17,VIP
323,Courtney Rodriguez,gutierrezaaron@example.net,2023-12-28,REGULAR
324,Linda Moore,nharris@example.com,2025-11-02,VIP
325,Jean Burnett,kylehall@example.org,2023-08-05,VIP
326,Julie Hoffman,fbutler@example.com,2026-01-06,PREMIUM
327,Rachel Romero,kelseyking@example.net,2026-01-31,VIP
328,Matthew Martin,charles53@example.net,2025-07-08,PREMIUM
329,Amanda Hernandez,james12@example.net,2024-10-19,PREMIUM
330,Christina Harmon,deannamyers@example.com,2024-02-24,VIP
331,Daisy Lewis,debra48@example.com,2024-07-29,REGULAR
332,Veronica Hurst,dannycantu@example.net,2024-02-18,VIP
333,Theresa Thompson,adam79@example.org,2024-10-09,VIP
334,Amber Mcguire,pamela57@example.net,2025-09-04,VIP
335,George Smith,rwilliams@example.net,2024-12-31,VIP
336,Anthony Wells,savannah72@example.org,2024-01-21,REGULAR
337,William Barton,mmason@example.net,2023-10-20,PREMIUM
338,Thomas Smith,lturner@example.com,2024-09-13,REGULAR
340,Roger Hernandez,shawnevans@example.net,2025-03-17,PREMIUM
341,Brandy Pitts,charles16@example.net,2024-12-06,REGULAR
342,Laura Strickland,ufowler@example.com,2026-05-13,REGULAR
343,Patrick Allison,john64@example.org,2025-03-06,PREMIUM
344,Audrey Bradley,megan91@example.com,2026-03-28,REGULAR
345,John Fitzgerald,dianamarsh@example.org,2024-09-14,REGULAR
346,Sandra Camacho DDS,andrea75@example.org,2026-05-26,VIP
347,Claudia Conner,tammyandrade@example.net,2025-03-07,VIP
348,Kaylee Duran,juliewilliams@example.net,2024-02-24,VIP
349,Sara Ross,emilyfrye@example.net,2024-05-30,PREMIUM
350,Heather Sullivan,stanleyrebecca@example.org,2026-06-27,VIP
351,William Frye,mckenzieian@example.net,2024-12-14,REGULAR
352,Daniel Cunningham,mfrazier@example.net,2023-09-01,VIP
353,Brian Blanchard,ssantiago@example.net,2023-07-21,REGULAR
354,Blake Miles,daycarla@example.com,2025-01-02,REGULAR
355,Jason Gaines,madison50@example.org,2026-03-14,REGULAR
356,Evelyn Hall,tbrown@example.org,2025-09-26,PREMIUM
357,Amber Terrell,oharris@example.net,2025-10-20,PREMIUM
358,Joshua Moore,dcook@example.org,2026-01-07,VIP
359,Jo Salazar,nmurillo@example.com,2023-10-17,REGULAR
360,Travis Greene,zlewis@example.net,2024-10-19,VIP
361,Vanessa Greene,jharrell@example.net,2025-07-30,VIP
362,Sandra Young,ericasanchez@example.net,2025-02-28,REGULAR
363,Michael Williams,luis79@example.net,2025-03-09,VIP
364,Dustin Dennis,osolomon@example.com,2023-08-16,REGULAR
365,Karen Ward,georgeaustin@example.net,2025-09-10,REGULAR
366,Theresa Johnson,timothymoore@example.com,2025-05-14,REGULAR
367,James Hernandez,christopherwebster@example.net,2024-12-10,REGULAR
369,Mrs. Nicole Novak MD,luissutton@example.com,2023-12-17,PREMIUM
370,Melissa Flynn,bhendricks@example.com,2024-07-11,REGULAR
371,Fernando Moore,tracy84@example.net,2023-11-26,REGULAR
372,Jennifer Gray,jodymyers@example.net,2026-05-10,PREMIUM
373,Stephen Taylor,hroberts@example.org,2024-10-18,REGULAR
374,Justin Pena,nharris@example.org,2023-12-11,VIP
375,Emily Flynn,tommy48@example.com,2023-09-02,PREMIUM
376,Chris Mckenzie,michael68@example.net,2026-06-25,PREMIUM
377,Mark Fox,robert32@example.com,2024-02-03,PREMIUM
378,Clinton Yates,brent65@example.org,2023-07-16,REGULAR
379,Amanda Bowers,debraphillips@example.net,2024-11-20,PREMIUM
380,Alexander Padilla,jennifersantiago@example.net,2025-10-09,REGULAR
381,Janet Williams,tracythomas@example.org,2023-12-27,REGULAR
382,Angel Lawson,ryanjesse@example.com,2024-08-05,VIP
383,Mary West,jacobarmstrong@example.net,2026-01-30,PREMIUM
384,Stephanie Martinez,kingrichard@example.com,2024-09-09,REGULAR
385,Nicole Farley,wsmith@example.net,2024-04-07,PREMIUM
386,Brittany Dixon,robertstevens@example.com,2024-11-30,REGULAR
387,Gregory Jackson,shirley08@example.net,2026-03-09,VIP
388,Zachary Davis,larry69@example.org,2024-04-05,VIP
389,John Brown,dennis39@example.net,2024-04-29,PREMIUM
390,Bryan Howard DVM,bmartin@example.com,2023-09-20,PREMIUM
391,Jeffrey Delacruz,stephanieguzman@example.com,2026-05-13,PREMIUM
392,Erika Jenkins,vyoung@example.com,2023-07-14,REGULAR
393,Cody Cobb,wilkinsrichard@example.org,2024-10-20,REGULAR
394,Sharon Foster,alyssalopez@example.org,2024-11-02,REGULAR
395,Dean Chandler,sandrapeterson@example.net,2025-01-09,VIP
396,Manuel Garcia,arroyodeanna@example.com,2024-10-18,VIP
397,Amanda Burns,brownjeremy@example.com,2025-09-09,PREMIUM
398,Peter Ford,hoganmelissa@example.org,2024-01-23,VIP
399,Kari Bradley,staceyjimenez@example.net,2025-03-01,PREMIUM
400,Lindsey Adams,pgarcia@example.net,2024-08-21,REGULAR
401,Elizabeth French,sharon83@example.org,2024-02-20,REGULAR
402,Craig Davis,chad05@example.net,2026-02-10,PREMIUM
403,Bryan Ellis,cwilliams@example.com,2024-12-17,PREMIUM
404,Sarah Rodriguez,kylemyers@example.com,2024-03-22,REGULAR
405,Ricky Mccormick,spencercourtney@example.net,2026-04-14,REGULAR
406,Larry Hancock,jmckenzie@example.org,2025-09-06,VIP
407,Stacy Garcia,maria70@example.net,2023-07-20,REGULAR
408,Wendy Smith,bdixon@example.net,2024-04-01,PREMIUM
409,Christina Hanson,dustin96@example.org,2024-07-14,REGULAR
410,Allison Flowers,nwest@example.net,2025-03-05,VIP
411,Allison Gibson,sfloyd@example.org,2024-06-12,VIP
412,Courtney Garcia,annalong@example.org,2025-05-01,REGULAR
413,Robert Vargas,coxlisa@example.net,2025-11-01,PREMIUM
414,Matthew Clark,shannon89@example.com,2024-11-01,VIP
415,Virginia Thomas,snyderbrandon@example.com,2024-01-18,VIP
416,David Lloyd,jacksonkristie@example.com,2025-03-15,REGULAR
417,Joshua Smith,fischerchristina@example.com,2026-02-16,REGULAR
418,Calvin Jennings,morganedwards@example.net,2024-01-02,REGULAR
419,Brent Kaufman,aliciavargas@example.com,2025-05-29,PREMIUM
420,Monique Ward,sandyjohnson@example.com,2024-02-02,REGULAR
421,Laura Mckay,pagescott@example.net,2024-09-16,VIP
422,Stephanie Marshall,elizabethdurham@example.com,2024-05-21,PREMIUM
423,Brad Holmes,amyhughes@example.org,2025-07-26,PREMIUM
424,Mark Brown,qstevenson@example.org,2024-07-15,REGULAR
425,Christina Brady,fjensen@example.net,2024-12-31,REGULAR
426,Jessica Houston,danielvalencia@example.net,2024-08-03,REGULAR
427,Julia Ferguson,gdavis@example.com,2024-10-08,REGULAR
428,Ashley Cook,robertlee@example.org,2024-03-17,VIP
429,Robert James,powellcrystal@example.com,2025-09-03,REGULAR
430,David Hernandez,ethomas@example.com,2024-03-21,PREMIUM
431,Mary Chen,thart@example.org,2024-12-18,PREMIUM
432,Daisy Wilkins,denisesantiago@example.org,2023-12-06,PREMIUM
433,Melanie Paul,cranekayla@example.com,2025-10-29,VIP
435,Lisa Burke,christine64@example.com,2025-02-15,VIP
436,Samantha Garcia,bjensen@example.com,2025-04-26,VIP
437,Robert Jones,debra59@example.com,2024-07-05,VIP
438,Sherry Sandoval,daniel10@example.net,2024-04-30,REGULAR
440,Amy Haynes,staylor@example.org,2023-08-30,PREMIUM
441,Ian Bailey,gmeyers@example.net,2024-02-22,PREMIUM
442,Erin Gray,meganbender@example.net,2026-05-11,PREMIUM
443,Jennifer Mathis,stevenjohnson@example.org,2025-04-11,VIP
444,Jeremy Simpson,andersonshannon@example.net,2024-09-25,REGULAR
445,Joseph Jones,johnsonjeremy@example.com,2025-08-02,VIP
446,Karen Peters,racheltaylor@example.net,2026-01-26,VIP
447,Kayla Graham,monica12@example.net,2025-09-05,PREMIUM
448,Debra Adams,yujoshua@example.org,2023-10-10,VIP
449,Michelle Adams,rbond@example.org,2025-10-01,PREMIUM
450,Sean Reid,brookechoi@example.org,2024-03-25,PREMIUM
451,Joe Rowe,kbright@example.com,2025-12-26,VIP
452,Jennifer Nelson,bradley46@example.org,2026-01-13,REGULAR
454,Kim Holmes,brooksjoseph@example.net,2024-11-27,PREMIUM
455,Dr. Gregory Jimenez,melissa75@example.net,2024-03-27,REGULAR
456,Kim Gonzalez,mckinneydeborah@example.com,2024-05-13,PREMIUM
457,Jeffery Hays,patriciaclark@example.com,2025-03-29,PREMIUM
458,Margaret James,browndaniel@example.org,2024-09-29,PREMIUM
459,Natalie Mitchell,qcarr@example.com,2025-08-02,PREMIUM
460,David Santana,tammy63@example.net,2024-05-03,VIP
461,Anthony Edwards,bellbrian@example.com,2023-07-23,REGULAR
462,Ashley Mills,jared56@example.net,2024-11-25,PREMIUM
463,Dr. Jennifer Miller,michael74@example.com,2026-04-28,REGULAR
464,Mark Anderson,zacharycook@example.net,2025-12-10,REGULAR
465,Michael Johnson,dawnchang@example.net,2026-03-12,VIP
466,Natalie Friedman,drobbins@example.com,2025-06-11,VIP
467,Debbie Kennedy,amberwilliams@example.org,2023-08-22,REGULAR
468,Anthony Evans,nprince@example.net,2025-10-14,VIP
469,Mark Lang,nealmichael@example.org,2026-06-10,REGULAR
470,Lisa Coleman,ijohnson@example.com,2025-06-18,VIP
471,Christopher Harris,teresagonzales@example.net,2023-11-27,VIP
472,Daniel Turner,timothy24@example.com,2024-01-20,REGULAR
473,Joseph Reed,emilybell@example.org,2025-01-03,PREMIUM
474,Lisa Watson,staceyguzman@example.com,2026-06-09,VIP
475,Brian Dunn,zstevens@example.net,2023-08-23,REGULAR
476,Jesse Hampton,mary18@example.com,2023-09-29,VIP
477,Gregory Smith,coxjessica@example.net,2024-08-03,PREMIUM
478,Nathaniel Williams,ustanton@example.com,2024-05-07,PREMIUM
479,Crystal Goodman,desireeharris@example.com,2025-08-10,PREMIUM
480,John Norris,cody00@example.net,2023-09-18,PREMIUM
481,Jerry Livingston,courtney92@example.org,2025-08-01,PREMIUM
482,Michael Harris MD,stacey92@example.org,2026-01-20,REGULAR
483,Jeff Mckinney,mariewebb@example.net,2026-03-20,PREMIUM
484,Brian Diaz,joel98@example.com,2026-06-25,REGULAR
485,Amy Jackson,gutierrezdawn@example.org,2025-01-31,VIP
486,Veronica Bender,sheenalara@example.org,2024-05-21,REGULAR
487,Jacqueline Torres,matthew85@example.org,2024-06-23,REGULAR
488,Robert Baker,jennifer50@example.net,2026-02-16,PREMIUM
489,Kelly Perez,jamessanchez@example.net,2025-11-24,VIP
490,Mr. Christopher Daugherty,angela21@example.org,2025-03-28,REGULAR
491,Christopher Ramirez,shanewallace@example.com,2024-02-08,PREMIUM
492,Yvette Brock,fbrown@example.net,2026-02-02,PREMIUM
493,Sean Thompson,michaelwarren@example.com,2026-06-20,REGULAR
494,Jacob Jimenez,murrayjonathan@example.org,2025-11-08,PREMIUM
495,Eric Bullock,stephanie58@example.net,2025-06-06,REGULAR
496,Chad Wood,kellythompson@example.net,2024-08-02,VIP
497,Dennis Stewart,kimberly21@example.net,2023-10-24,REGULAR
499,Catherine Mckinney,xstrickland@example.com,2025-06-29,VIP
500,Ryan Santana Jr.,morganlawrence@example.com,2026-03-17,VIP
