order_id,customer_id,order_date,status,region_code
1,61,2025-12-02 00:00:00,CANCELLED,NORTH
2,0,2026-04-23 14:49:58,CANCELLED,EAST
3,36,2026-05-21 23:40:11,PLACED,NORTH
4,452,2025-09-28 00:00:00,SHIPPED,NORTH
5,267,2025-08-05 00:17:59,CANCELLED,CENTRAL
6,250,2025-02-03 02:54:48,PLACED,CENTRAL
7,439,2025-03-19 09:31:45,RETURNED,SOUTH
8,477,2025-09-14 21:55:08,DELIVERED,NORTH
9,156,2026-03-29 09:08:44,RETURNED,EAST
10,112,2026-02-13 15:59:37,CANCELLED,NORTH
11,325,2025-05-15 11:20:09,SHIPPED,EAST
12,136,2026-06-06 21:28:19,CANCELLED,WEST
13,108,2026-05-20 08:18:39,PLACED,CENTRAL
14,105,2025-11-14 23:06:02,RETURNED,WEST
15,77,2025-08-21 16:06:26,SHIPPED,NORTH
16,424,2025-02-08 15:58:27,RETURNED,SOUTH
17,105,2026-04-19 06:16:49,DELIVERED,NORTH
18,188,2024-09-23 08:59:45,PLACED,WEST
19,429,2025-09-10 12:11:48,RETURNED,CENTRAL
20,449,2025-07-31 06:30:17,SHIPPED,SOUTH
21,195,2025-10-19 20:36:52,SHIPPED,WEST
22,293,2026-01-25 02:26:05,SHIPPED,NORTH
23,33,2025-06-28 07:35:50,RETURNED,WEST
24,125,2025-09-16 00:00:00,CANCELLED,CENTRAL
25,141,2026-03-31 13:25:31,RETURNED,EAST
26,0,2025-01-31 08:27:37,RETURNED,SOUTH
27,477,2024-09-25 17:30:35,PLACED,EAST
28,239,2025-07-30 02:34:03,PLACED,NORTH
29,72,2025-04-03 01:25:34,CANCELLED,EAST
30,247,2024-10-22 06:44:45,RETURNED,NORTH
31,463,2025-11-20 04:53:22,DELIVERED,EAST
32,106,2024-08-07 21:17:52,RETURNED,CENTRAL
33,253,2024-09-01 11:15:13,CANCELLED,WEST
34,203,2026-06-14 07:18:29,CANCELLED,WEST
35,390,2025-03-21 06:25:58,RETURNED,SOUTH
36,189,2026-04-06 14:56:12,SHIPPED,SOUTH
37,220,2026-05-19 11:54:19,SHIPPED,SOUTH
38,212,2025-08-15 22:00:48,RETURNED,SOUTH
39,226,2025-06-10 04:13:41,PLACED,CENTRAL
40,0,2026-06-12 19:17:15,SHIPPED,WEST
41,446,2026-01-21 14:35:08,PLACED,NORTH
42,258,2024-09-03 21:59:44,SHIPPED,EAST
43,182,2024-07-13 13:44:53,RETURNED,CENTRAL
44,84,2024-09-28 04:01:20,DELIVERED,CENTRAL
45,288,2024-09-18 17:20:41,CANCELLED,CENTRAL
46,26,2025-07-15 12:56:12,DELIVERED,NORTH
47,345,2025-12-31 09:15:38,CANCELLED,EAST
48,53,2026-06-23 11:15:09,RETURNED,CENTRAL
49,412,2025-02-02 01:21:04,CANCELLED,SOUTH
50,197,2025-09-05 09:14:49,DELIVERED,SOUTH
51,110,2024-10-10 22:55:39,RETURNED,NORTH
52,259,2025-04-16 02:38:03,DELIVERED,CENTRAL
53,452,2026-03-15 02:27:31,RETURNED,CENTRAL
54,493,2025-01-19 10:05:54,CANCELLED,NORTH
55,473,2024-11-12 18:12:17,DELIVERED,WEST
56,210,2025-05-20 13:43:08,PLACED,EAST
57,461,2026-01-02 19:30:20,PLACED,NORTH
58,18,2026-07-04 19:52:00,SHIPPED,WEST
59,346,2025-12-30 19:41:17,SHIPPED,NORTH
60,450,2025-07-13 10:35:14,RETURNED,NORTH
61,245,2024-10-02 03:07:47,PLACED,EAST
62,82,2025-12-27 11:27:32,SHIPPED,EAST
63,496,2026-01-16 10:21:17,PLACED,EAST
64,216,2026-07-03 22:46:03,RETURNED,WEST
65,347,2025-03-13 13:55:50,CANCELLED,WEST
66,122,2025-10-18 20:03:07,SHIPPED,SOUTH
67,266,2025-08-14 04:04:12,SHIPPED,NORTH
68,353,2025-01-24 23:49:00,CANCELLED,WEST
69,200,2024-08-21 23:12:06,RETURNED,CENTRAL
70,79,2025-06-24 21:33:42,PLACED,WEST
71,440,2025-05-31 10:02:39,DELIVERED,NORTH
72,77,2024-08-09 20:06:45,RETURNED,EAST
73,273,2025-09-15 08:51:15,PLACED,WEST
74,393,2024-08-03 16:53:20,PLACED,SOUTH
75,392,2026-01-21 10:59:42,DELIVERED,NORTH
76,122,2024-10-09 04:48:29,CANCELLED,NORTH
77,409,2025-05-03 16:14:51,DELIVERED,NORTH
78,274,2026-06-30 14:49:59,PLACED,WEST
79,273,2024-07-25 09:29:51,RETURNED,EAST
80,1,2025-07-28 03:58:38,CANCELLED,NORTH
81,415,2026-05-20 22:23:33,SHIPPED,EAST
82,247,2026-02-02 17:52:30,CANCELLED,WEST
83,366,2025-09-11 18:30:34,DELIVERED,SOUTH
84,340,2025-11-11 15:55:57,PLACED,NORTH
85,478,2026-06-02 22:19:47,DELIVERED,EAST
86,113,2025-05-20 13:29:06,DELIVERED,WEST
87,301,2025-11-04 20:10:37,PLACED,EAST
88,153,2024-07-20 21:22:17,PLACED,EAST
89,0,2025-08-03 22:06:16,PLACED,NORTH
90,334,2025-10-29 12:07:03,DELIVERED,NORTH
91,0,2025-10-09 00:27:15,PLACED,SOUTH
92,204,2026-05-19 08:12:47,SHIPPED,EAST
93,400,2025-01-29 00:14:19,DELIVERED,SOUTH
94,272,2025-02-22 01:09:52,SHIPPED,SOUTH
95,200,2025-10-01 20:37:11,DELIVERED,EAST
96,466,2025-02-08 15:44:18,PLACED,WEST
97,0,2025-11-26 10:36:33,DELIVERED,WEST
98,50,2025-05-15 18:18:54,PLACED,EAST
99,77,2025-02-25 09:36:35,RETURNED,NORTH
100,0,2026-06-12 06:23:46,RETURNED,NORTH
101,300,2026-02-27 03:39:57,PLACED,SOUTH
102,264,2026-05-23 23:40:11,CANCELLED,NORTH
103,418,2025-05-24 03:16:30,DELIVERED,WEST
104,107,2026-06-04 00:00:00,CANCELLED,EAST
105,309,2025-08-30 12:40:13,SHIPPED,SOUTH
106,149,2025-09-05 11:41:50,RETURNED,WEST
107,454,2025-08-13 21:09:54,DELIVERED,CENTRAL
108,500,2025-05-28 02:18:11,RETURNED,CENTRAL
109,33,2026-04-24 23:53:24,PLACED,SOUTH
110,41,2024-08-10 13:30:16,RETURNED,SOUTH
111,202,2024-10-08 06:50:21,CANCELLED,NORTH
112,462,2025-11-28 07:49:55,RETURNED,CENTRAL
113,417,2025-02-12 23:53:25,SHIPPED,CENTRAL
114,67,2025-09-23 11:21:51,RETURNED,CENTRAL
115,0,2025-12-20 00:36:04,SHIPPED,SOUTH
116,106,2024-09-06 21:22:46,RETURNED,NORTH
117,312,2026-05-24 15:14:29,CANCELLED,SOUTH
118,148,2025-10-18 01:55:10,SHIPPED,NORTH
119,111,2026-04-01 22:20:25,RETURNED,NORTH
120,293,2026-02-24 16:53:23,RETURNED,WEST
121,261,2024-08-03 09:37:27,PLACED,EAST
122,231,2025-11-09 00:29:16,PLACED,SOUTH
123,419,2026-01-07 03:11:06,CANCELLED,CENTRAL
124,230,2025-01-08 08:14:13,RETURNED,NORTH
125,373,2025-02-16 22:13:28,PLACED,CENTRAL
126,363,2024-12-05 09:52:59,PLACED,SOUTH
127,454,2025-01-06 14:40:23,CANCELLED,WEST
128,440,2025-05-18 19:40:56,CANCELLED,WEST
129,306,2025-12-14 12:42:12,SHIPPED,SOUTH
130,283,2024-12-09 22:12:51,SHIPPED,WEST
131,45,2024-07-18 08:37:13,PLACED,NORTH
132,460,2024-10-27 00:23:54,DELIVERED,WEST
133,30,2025-12-15 12:59:09,PLACED,EAST
134,247,2026-06-15 00:00:00,DELIVERED,EAST
135,461,2024-10-26 07:28:12,SHIPPED,SOUTH
136,328,2025-02-02 00:41:00,PLACED,SOUTH
137,97,2024-09-16 00:00:00,RETURNED,SOUTH
138,361,2025-08-24 05:25:15,SHIPPED,SOUTH
139,0,2024-07-21 21:09:06,SHIPPED,SOUTH
140,298,2025-05-11 05:59:50,SHIPPED,WEST
141,403,2025-04-21 21:32:39,RETURNED,SOUTH
142,134,2024-08-30 08:00:28,RETURNED,SOUTH
143,386,2026-05-30 13:22:30,CANCELLED,CENTRAL
144,0,2026-07-08 09:14:36,SHIPPED,EAST
145,199,2025-11-02 14:52:15,PLACED,WEST
146,370,2024-10-16 07:42:19,PLACED,EAST
147,27,2025-05-08 07:57:24,DELIVERED,CENTRAL
148,134,2026-06-21 19:18:40,SHIPPED,CENTRAL
149,187,2025-10-08 06:05:36,SHIPPED,EAST
150,152,2024-09-07 17:23:19,DELIVERED,WEST
151,58,2025-12-18 18:06:05,CANCELLED,WEST
152,356,2025-09-25 06:42:32,CANCELLED,NORTH
153,70,2026-04-23 17:48:43,SHIPPED,WEST
154,315,2026-02-26 00:45:55,RETURNED,NORTH
155,474,2025-12-20 04:21:08,RETURNED,SOUTH
156,334,2026-05-11 08:35:03,SHIPPED,NORTH
157,366,2026-01-12 15:01:24,CANCELLED,CENTRAL
158,202,2025-12-02 19:09:21,DELIVERED,NORTH
159,357,2025-09-09 13:46:03,SHIPPED,EAST
160,297,2025-03-30 23:05:09,RETURNED,CENTRAL
161,61,2025-02-18 06:56:01,DELIVERED,NORTH
162,443,2026-06-30 23:36:40,SHIPPED,EAST
163,324,2025-03-22 20:19:28,CANCELLED,CENTRAL
164,73,2025-08-15 05:09:02,SHIPPED,WEST
165,143,2025-11-29 13:35:46,DELIVERED,SOUTH
166,475,2026-04-19 21:08:31,DELIVERED,NORTH
167,291,2025-04-12 16:41:10,DELIVERED,NORTH
168,334,2026-06-10 02:56:18,SHIPPED,SOUTH
169,100,2026-04-23 00:00:00,SHIPPED,EAST
170,284,2025-06-24 14:37:07,RETURNED,EAST
171,330,2025-02-24 17:34:20,RETURNED,CENTRAL
172,157,2026-01-26 14:06:59,PLACED,CENTRAL
173,443,2025-08-07 13:54:20,DELIVERED,CENTRAL
174,97,2025-12-14 00:44:37,DELIVERED,CENTRAL
175,409,2024-11-02 19:21:43,PLACED,WEST
176,13,2025-07-27 00:01:21,DELIVERED,NORTH
177,193,2025-09-26 00:44:04,DELIVERED,NORTH
178,337,2026-04-22 21:56:30,SHIPPED,CENTRAL
179,446,2024-04-09 00:00:00,RETURNED,SOUTH
180,379,2025-10-18 02:48:13,PLACED,NORTH
181,256,2024-11-18 15:24:13,CANCELLED,WEST
182,102,2026-06-04 10:17:27,SHIPPED,CENTRAL
183,288,2024-07-21 08:30:18,DELIVERED,WEST
184,434,2025-12-17 18:24:21,SHIPPED,NORTH
185,324,2026-03-17 20:48:14,CANCELLED,NORTH
186,401,2025-11-01 16:55:02,SHIPPED,WEST
187,67,2025-07-14 07:36:03,SHIPPED,NORTH
188,478,2025-07-19 17:07:06,SHIPPED,SOUTH
189,162,2025-01-16 20:30:59,SHIPPED,NORTH
190,284,2026-07-10 15:51:50,PLACED,WEST
191,162,2024-04-09 00:00:00,CANCELLED,CENTRAL
192,28,2025-03-11 08:51:38,PLACED,NORTH
193,443,2024-11-07 07:23:32,RETURNED,NORTH
194,88,2026-07-04 05:38:34,DELIVERED,NORTH
195,433,2025-09-30 09:06:52,CANCELLED,SOUTH
196,141,2024-12-12 12:54:13,DELIVERED,SOUTH
197,173,2026-01-11 00:28:18,RETURNED,NORTH
198,353,2026-04-02 05:41:18,SHIPPED,EAST
199,448,2024-11-19 13:26:00,CANCELLED,CENTRAL
200,242,2024-07-30 13:06:18,CANCELLED,SOUTH
201,141,2026-04-13 09:50:02,DELIVERED,EAST
202,57,2025-10-02 01:54:43,DELIVERED,NORTH
203,62,2025-12-20 04:39:12,PLACED,SOUTH
204,350,2025-10-29 19:03:29,SHIPPED,WEST
205,459,2025-10-03 19:42:15,CANCELLED,WEST
206,310,2025-08-23 18:05:53,RETURNED,WEST
207,250,2024-12-12 20:05:23,PLACED,WEST
208,348,2024-11-14 08:58:49,RETURNED,EAST
209,498,2024-09-13 22:08:23,PLACED,CENTRAL
210,163,2025-08-25 04:56:30,DELIVERED,WEST
211,334,2026-04-30 01:17:15,CANCELLED,NORTH
212,261,2025-05-29 22:40:48,CANCELLED,CENTRAL
213,53,2026-04-13 18:49:14,DELIVERED,NORTH
214,230,2025-06-14 21:58:49,CANCELLED,SOUTH
215,161,2025-06-16 16:34:10,RETURNED,NORTH
216,423,2025-08-07 19:29:22,CANCELLED,CENTRAL
217,45,2026-04-18 15:11:04,DELIVERED,NORTH
218,408,2026-04-11 08:15:17,DELIVERED,SOUTH
219,367,2026-01-27 23:29:07,CANCELLED,WEST
220,191,2024-12-16 23:52:39,PLACED,CENTRAL
221,192,2025-11-14 13:36:51,DELIVERED,NORTH
222,0,2026-04-27 06:15:37,SHIPPED,SOUTH
223,476,2025-10-13 15:24:36,RETURNED,WEST
224,318,2026-06-02 18:57:43,PLACED,SOUTH
225,147,2025-04-26 21:04:03,RETURNED,CENTRAL
226,424,2026-02-11 21:18:27,PLACED,NORTH
227,82,2025-05-24 02:50:53,RETURNED,SOUTH
228,462,2025-06-27 00:21:36,SHIPPED,WEST
229,99,2026-04-20 10:16:20,DELIVERED,NORTH
230,431,2025-09-06 08:01:42,PLACED,WEST
231,317,2025-06-24 13:32:57,CANCELLED,SOUTH
232,143,2025-09-29 04:36:54,SHIPPED,SOUTH
233,68,2026-01-31 15:55:42,CANCELLED,CENTRAL
234,64,2024-12-09 20:24:46,RETURNED,CENTRAL
235,403,2026-03-18 12:05:11,DELIVERED,WEST
236,337,2025-12-02 03:03:02,CANCELLED,SOUTH
237,149,2025-09-07 08:08:27,CANCELLED,CENTRAL
238,184,2025-04-24 20:41:07,DELIVERED,CENTRAL
239,453,2025-11-15 18:55:17,CANCELLED,CENTRAL
240,471,2024-10-08 10:30:54,SHIPPED,EAST
241,420,2025-11-10 07:39:24,SHIPPED,WEST
242,287,2025-09-26 03:49:13,RETURNED,SOUTH
243,351,2024-10-09 00:57:05,RETURNED,EAST
244,459,2024-11-24 09:11:50,PLACED,NORTH
245,93,2025-12-29 00:00:00,DELIVERED,EAST
246,32,2024-12-19 01:04:04,SHIPPED,NORTH
247,408,2024-10-14 06:42:13,RETURNED,WEST
248,414,2026-02-24 09:10:12,CANCELLED,WEST
249,318,2025-09-22 09:32:50,PLACED,EAST
250,277,2024-09-03 12:24:20,PLACED,SOUTH
251,20,2025-08-23 19:44:08,RETURNED,WEST
252,0,2025-03-24 20:58:49,PLACED,EAST
253,216,2025-04-14 11:48:17,DELIVERED,NORTH
254,497,2025-01-11 16:11:48,RETURNED,SOUTH
255,0,2024-09-16 21:56:41,RETURNED,NORTH
256,401,2026-02-20 02:24:41,PLACED,WEST
257,337,2025-10-03 03:00:38,SHIPPED,SOUTH
258,361,2025-05-06 02:29:03,CANCELLED,EAST
259,34,2024-08-18 04:10:03,CANCELLED,WEST
260,434,2025-07-21 13:02:04,PLACED,NORTH
261,137,2025-03-27 06:02:44,CANCELLED,CENTRAL
262,297,2025-12-02 18:23:27,DELIVERED,EAST
263,33,2026-03-23 23:18:36,SHIPPED,SOUTH
264,370,2025-05-25 14:11:32,PLACED,WEST
265,271,2025-07-14 23:53:06,RETURNED,CENTRAL
266,0,2025-04-15 05:39:55,PLACED,SOUTH
267,361,2025-03-28 12:29:40,PLACED,WEST
268,407,2024-05-09 00:00:00,CANCELLED,CENTRAL
269,401,2025-11-12 13:23:28,SHIPPED,NORTH
270,494,2024-08-03 12:28:25,RETURNED,EAST
271,167,2026-05-01 03:25:30,DELIVERED,EAST
272,138,2025-02-21 12:32:29,DELIVERED,NORTH
273,365,2025-07-17 12:40:35,DELIVERED,WEST
274,0,2025-10-04 06:58:10,CANCELLED,NORTH
275,260,2025-04-27 08:18:14,RETURNED,CENTRAL
276,411,2025-10-04 03:25:17,CANCELLED,CENTRAL
277,339,2024-11-02 21:01:50,CANCELLED,CENTRAL
278,405,2024-10-31 14:47:51,DELIVERED,SOUTH
279,118,2024-12-11 00:00:00,PLACED,NORTH
280,238,2024-05-12 00:00:00,CANCELLED,EAST
281,495,2024-11-23 13:31:39,RETURNED,CENTRAL
282,39,2024-12-31 04:19:28,DELIVERED,EAST
283,183,2025-05-19 01:04:49,PLACED,EAST
284,164,2025-11-19 15:09:35,RETURNED,EAST
285,207,2025-12-11 10:58:32,CANCELLED,WEST
286,47,2024-05-08 00:00:00,SHIPPED,WEST
287,106,2025-03-18 11:24:05,RETURNED,NORTH
288,329,2024-11-14 00:00:00,CANCELLED,NORTH
289,389,2024-07-28 08:52:24,SHIPPED,WEST
290,479,2024-08-18 18:35:39,DELIVERED,EAST
291,229,2025-11-29 00:00:00,PLACED,WEST
292,3,2024-09-27 09:01:15,PLACED,EAST
293,234,2026-06-23 02:54:43,CANCELLED,WEST
294,388,2025-10-01 05:12:55,PLACED,SOUTH
295,173,2026-02-05 21:49:12,DELIVERED,CENTRAL
296,243,2026-04-04 21:53:51,DELIVERED,SOUTH
297,314,2026-02-12 00:54:17,SHIPPED,WEST
298,188,2025-12-30 17:57:47,CANCELLED,EAST
299,269,2025-11-05 23:07:45,DELIVERED,NORTH
300,119,2024-11-28 17:18:21,RETURNED,CENTRAL
301,71,2025-06-15 20:40:20,PLACED,NORTH
302,65,2024-12-02 20:06:08,RETURNED,CENTRAL
303,201,2024-08-07 23:17:33,RETURNED,SOUTH
304,267,2025-05-26 06:45:18,RETURNED,NORTH
305,261,2025-11-09 10:32:49,CANCELLED,NORTH
306,306,2026-02-19 18:13:52,CANCELLED,NORTH
307,144,2026-01-28 18:50:50,RETURNED,CENTRAL
308,93,2025-09-07 12:21:02,CANCELLED,EAST
309,94,2024-11-23 17:24:11,DELIVERED,NORTH
310,14,2026-04-23 11:15:09,DELIVERED,NORTH
311,31,2024-11-01 02:28:25,RETURNED,WEST
312,393,2026-01-13 10:16:08,PLACED,CENTRAL
313,103,2024-12-12 00:42:30,CANCELLED,SOUTH
314,469,2026-03-30 14:19:12,DELIVERED,EAST
315,230,2025-09-18 14:26:21,PLACED,CENTRAL
316,378,2025-05-13 08:55:53,RETURNED,CENTRAL
317,345,2026-02-02 17:01:56,PLACED,SOUTH
318,162,2026-06-04 00:27:48,PLACED,NORTH
319,71,2024-12-14 04:08:04,RETURNED,WEST
320,43,2025-02-25 07:30:09,CANCELLED,CENTRAL
321,10,2024-10-11 09:30:05,DELIVERED,WEST
322,191,2025-03-08 07:48:34,SHIPPED,SOUTH
323,405,2024-10-05 19:18:08,RETURNED,SOUTH
324,295,2025-04-14 17:10:11,PLACED,EAST
325,57,2026-04-23 08:52:25,CANCELLED,EAST
326,451,2025-09-20 14:52:25,SHIPPED,SOUTH
327,200,2026-06-20 02:50:07,CANCELLED,CENTRAL
328,105,2026-02-11 10:09:41,PLACED,CENTRAL
329,68,2025-06-22 09:49:20,PLACED,WEST
330,145,2025-01-31 19:09:16,RETURNED,WEST
331,495,2025-12-18 20:47:42,PLACED,WEST
332,336,2025-11-11 16:56:35,PLACED,NORTH
333,242,2024-10-18 23:20:50,DELIVERED,EAST
334,466,2025-02-15 23:48:30,RETURNED,NORTH
335,371,2026-05-16 12:09:20,PLACED,NORTH
336,179,2025-07-23 02:51:27,RETURNED,NORTH
337,211,2025-09-07 18:52:11,SHIPPED,CENTRAL
338,463,2024-11-04 01:42:32,CANCELLED,WEST
339,65,2025-01-21 23:42:30,RETURNED,NORTH
340,457,2025-05-29 10:12:08,PLACED,WEST
341,15,2026-03-15 09:21:00,SHIPPED,CENTRAL
342,198,2024-11-28 11:13:29,SHIPPED,EAST
343,203,2026-06-10 22:44:02,RETURNED,CENTRAL
344,296,2026-05-09 17:33:10,SHIPPED,CENTRAL
345,220,2025-12-02 18:54:12,DELIVERED,EAST
346,164,2025-07-15 18:04:36,RETURNED,CENTRAL
347,156,2024-11-30 21:58:32,RETURNED,WEST
348,186,2025-04-23 12:11:16,RETURNED,EAST
349,51,2024-07-17 04:54:29,PLACED,EAST
350,315,2025-09-30 14:05:16,RETURNED,NORTH
351,336,2025-12-28 19:36:31,PLACED,CENTRAL
352,421,2025-11-19 19:13:30,SHIPPED,WEST
353,39,2026-06-25 02:03:15,CANCELLED,CENTRAL
354,273,2025-06-19 15:50:48,CANCELLED,SOUTH
355,168,2025-04-26 23:16:35,SHIPPED,WEST
356,367,2026-05-04 04:58:28,RETURNED,SOUTH
357,463,2025-04-20 00:00:00,RETURNED,NORTH
358,487,2025-07-26 16:55:58,SHIPPED,CENTRAL
359,215,2025-03-07 05:35:40,CANCELLED,EAST
360,496,2026-02-17 11:05:37,RETURNED,WEST
361,305,2026-01-10 16:12:43,DELIVERED,CENTRAL
362,298,2025-11-28 11:29:58,DELIVERED,WEST
363,145,2026-01-28 19:07:24,CANCELLED,WEST
364,452,2026-05-06 08:53:58,RETURNED,EAST
365,314,2026-01-24 17:55:52,DELIVERED,NORTH
366,171,2025-04-12 14:36:05,DELIVERED,NORTH
367,276,2025-06-15 13:55:24,DELIVERED,NORTH
368,397,2025-09-26 22:10:34,CANCELLED,CENTRAL
369,331,2025-08-15 16:21:14,RETURNED,CENTRAL
370,109,2025-05-23 19:55:14,SHIPPED,EAST
371,120,2025-09-07 05:34:30,PLACED,CENTRAL
372,262,2024-04-08 00:00:00,CANCELLED,SOUTH
373,0,2026-01-23 16:12:18,SHIPPED,WEST
374,175,2024-10-28 18:41:11,DELIVERED,NORTH
375,267,2026-05-21 07:07:52,CANCELLED,WEST
376,144,2025-02-27 02:22:16,CANCELLED,WEST
377,474,2025-06-30 11:12:15,CANCELLED,EAST
378,247,2024-07-12 23:52:04,PLACED,EAST
379,0,2025-07-25 22:42:24,PLACED,EAST
380,0,2024-09-15 12:23:50,RETURNED,NORTH
381,275,2024-11-10 07:47:38,RETURNED,WEST
382,211,2024-07-25 00:00:00,SHIPPED,SOUTH
383,425,2026-01-06 21:46:56,DELIVERED,CENTRAL
384,487,2025-07-25 20:48:36,CANCELLED,CENTRAL
385,330,2024-09-08 06:59:52,RETURNED,CENTRAL
386,343,2025-04-27 18:18:39,PLACED,CENTRAL
387,299,2024-12-27 15:42:00,PLACED,WEST
388,115,2024-10-29 03:01:50,RETURNED,CENTRAL
389,222,2025-03-30 21:19:22,CANCELLED,EAST
390,157,2026-01-22 23:09:06,PLACED,NORTH
391,353,2025-02-26 19:07:19,PLACED,SOUTH
392,178,2026-06-11 14:20:04,PLACED,EAST
393,423,2025-07-07 04:34:46,SHIPPED,SOUTH
394,441,2026-02-23 05:50:44,SHIPPED,CENTRAL
395,288,2026-04-07 16:55:13,RETURNED,CENTRAL
396,106,2025-10-30 14:10:36,PLACED,CENTRAL
397,495,2025-12-28 13:28:14,CANCELLED,NORTH
398,70,2025-02-25 06:20:03,RETURNED,EAST
399,75,2025-06-02 07:30:33,SHIPPED,CENTRAL
400,0,2025-01-03 12:38:45,CANCELLED,SOUTH
401,261,2024-11-01 06:44:30,PLACED,NORTH
402,223,2025-07-26 10:17:40,SHIPPED,EAST
403,199,2025-09-29 19:12:51,DELIVERED,EAST
404,155,2026-07-04 19:01:41,CANCELLED,SOUTH
405,412,2024-10-20 07:22:46,RETURNED,CENTRAL
406,479,2024-11-06 19:46:24,SHIPPED,WEST
407,0,2026-04-08 17:57:40,DELIVERED,SOUTH
408,286,2024-08-08 10:39:02,DELIVERED,NORTH
409,15,2026-04-29 15:04:02,CANCELLED,CENTRAL
410,74,2024-12-07 21:42:06,SHIPPED,EAST
411,362,2026-01-06 07:30:34,DELIVERED,SOUTH
412,453,2026-02-01 19:44:47,SHIPPED,EAST
413,94,2025-11-29 11:39:54,DELIVERED,NORTH
414,51,2026-05-02 03:24:17,RETURNED,SOUTH
415,235,2024-10-07 22:49:27,PLACED,SOUTH
416,428,2025-04-07 14:41:42,PLACED,NORTH
417,485,2026-03-01 23:07:51,CANCELLED,SOUTH
418,351,2024-07-31 08:15:01,RETURNED,EAST
419,51,2025-01-24 19:12:09,PLACED,CENTRAL
420,343,2024-09-12 08:06:53,DELIVERED,NORTH
421,0,2024-11-15 00:00:00,RETURNED,SOUTH
422,465,2025-05-11 21:03:13,PLACED,SOUTH
423,66,2025-10-15 13:36:15,SHIPPED,WEST
424,369,2025-01-12 03:39:03,RETURNED,WEST
425,275,2025-03-14 12:00:06,PLACED,SOUTH
426,185,2026-02-16 19:26:30,CANCELLED,SOUTH
427,236,2025-10-24 06:43:11,DELIVERED,CENTRAL
428,331,2025-09-18 04:17:30,CANCELLED,SOUTH
429,387,2026-01-05 12:09:53,DELIVERED,WEST
430,274,2025-01-02 06:16:03,DELIVERED,CENTRAL
431,151,2025-04-20 15:48:28,SHIPPED,SOUTH
432,284,2024-11-25 14:16:22,SHIPPED,CENTRAL
433,460,2024-09-15 13:23:24,RETURNED,EAST
434,346,2025-01-14 05:15:28,DELIVERED,SOUTH
435,123,2025-12-04 13:45:59,DELIVERED,EAST
436,166,2025-07-16 16:34:46,DELIVERED,EAST
437,172,2026-05-23 00:59:33,CANCELLED,EAST
438,145,2025-07-22 13:12:20,PLACED,NORTH
439,374,2025-07-17 17:37:18,PLACED,SOUTH
440,73,2025-11-15 05:08:55,CANCELLED,NORTH
441,465,2026-02-10 17:43:32,DELIVERED,WEST
442,416,2024-10-20 05:20:23,RETURNED,SOUTH
443,17,2025-01-27 10:22:42,SHIPPED,SOUTH
444,48,2025-07-05 22:20:36,DELIVERED,WEST
445,249,2025-10-02 21:07:24,PLACED,SOUTH
446,226,2026-01-05 12:34:22,CANCELLED,WEST
447,31,2024-11-12 22:10:51,CANCELLED,SOUTH
448,338,2025-08-20 19:43:57,RETURNED,EAST
449,14,2026-05-05 11:51:09,CANCELLED,NORTH
450,111,2024-12-29 18:00:37,SHIPPED,EAST
451,37,2025-04-17 19:45:51,RETURNED,EAST
452,190,2025-09-13 08:56:59,SHIPPED,NORTH
453,379,2025-04-03 01:37:31,SHIPPED,EAST
454,260,2025-06-08 17:22:43,CANCELLED,WEST
455,229,2026-03-12 10:54:13,RETURNED,SOUTH
456,65,2025-07-07 22:57:42,RETURNED,WEST
457,373,2025-09-04 21:52:37,RETURNED,CENTRAL
458,266,2024-09-02 20:08:27,RETURNED,EAST
459,0,2025-04-24 14:14:38,CANCELLED,EAST
460,446,2024-09-07 19:29:50,SHIPPED,NORTH
461,413,2025-07-23 15:21:21,SHIPPED,NORTH
462,201,2025-08-04 06:25:54,PLACED,CENTRAL
463,453,2026-06-02 22:52:20,DELIVERED,WEST
464,24,2026-03-08 22:36:25,DELIVERED,NORTH
465,27,2025-05-28 17:50:45,RETURNED,CENTRAL
466,237,2025-09-08 13:18:19,SHIPPED,SOUTH
467,27,2025-01-03 11:42:25,SHIPPED,CENTRAL
468,280,2026-03-20 09:10:09,DELIVERED,SOUTH
469,346,2024-12-05 01:10:06,SHIPPED,SOUTH
470,0,2025-04-15 11:10:09,SHIPPED,SOUTH
471,429,2024-12-10 03:13:55,SHIPPED,NORTH
472,488,2026-02-10 03:42:35,RETURNED,EAST
473,484,2024-09-01 01:50:03,SHIPPED,SOUTH
474,159,2025-03-11 19:22:14,PLACED,CENTRAL
475,0,2025-09-20 20:46:14,SHIPPED,EAST
476,356,2024-08-22 20:37:20,CANCELLED,SOUTH
477,287,2026-01-27 00:00:00,RETURNED,WEST
478,30,2025-10-23 18:16:04,DELIVERED,EAST
479,122,2026-01-21 11:15:58,SHIPPED,CENTRAL
480,481,2025-03-25 22:56:37,PLACED,EAST
481,395,2025-09-03 10:46:17,SHIPPED,SOUTH
482,336,2026-02-28 00:00:00,SHIPPED,EAST
483,49,2025-07-31 22:01:08,RETURNED,NORTH
484,115,2024-08-10 13:56:22,CANCELLED,CENTRAL
485,400,2025-03-26 21:52:20,RETURNED,EAST
486,167,2024-10-19 07:08:46,RETURNED,NORTH
487,200,2025-09-21 09:19:18,PLACED,SOUTH
488,397,2025-08-18 02:57:52,CANCELLED,SOUTH
489,472,2026-04-15 02:38:28,RETURNED,CENTRAL
490,240,2025-11-27 20:07:41,CANCELLED,NORTH
491,82,2025-11-16 18:35:52,SHIPPED,NORTH
492,491,2025-01-13 02:17:09,RETURNED,CENTRAL
493,487,2025-10-10 08:23:12,DELIVERED,CENTRAL
494,0,2025-11-28 12:49:15,SHIPPED,CENTRAL
495,81,2024-10-28 16:36:20,DELIVERED,WEST
496,467,2026-06-10 09:01:24,DELIVERED,NORTH
497,324,2024-11-21 21:02:34,CANCELLED,NORTH
498,474,2025-08-05 00:39:47,DELIVERED,SOUTH
499,93,2024-09-25 11:33:04,PLACED,NORTH
500,493,2025-03-25 13:31:31,CANCELLED,NORTH
501,12,2024-09-17 14:29:57,RETURNED,SOUTH
502,369,2025-12-03 21:24:02,SHIPPED,WEST
503,425,2026-06-13 11:42:11,SHIPPED,NORTH
504,498,2024-12-19 03:11:56,PLACED,SOUTH
505,7,2024-10-09 23:12:51,PLACED,WEST
506,462,2024-09-08 19:06:07,CANCELLED,WEST
507,201,2026-06-04 11:31:15,SHIPPED,EAST
508,0,2025-07-05 00:00:00,CANCELLED,WEST
509,233,2025-12-06 14:45:14,RETURNED,SOUTH
510,28,2025-05-22 12:20:27,RETURNED,SOUTH
511,450,2026-04-04 13:50:54,SHIPPED,CENTRAL
512,335,2026-09-01 00:00:00,RETURNED,CENTRAL
513,436,2025-11-26 06:28:52,RETURNED,WEST
514,27,2025-09-25 13:08:12,DELIVERED,EAST
515,336,2025-09-27 20:52:39,DELIVERED,SOUTH
516,294,2024-10-21 13:23:38,DELIVERED,WEST
517,39,2024-07-13 12:53:55,SHIPPED,NORTH
518,349,2026-02-05 16:50:51,RETURNED,CENTRAL
519,304,2025-04-16 23:27:27,CANCELLED,WEST
520,63,2025-11-13 16:27:51,SHIPPED,SOUTH
521,0,2024-09-05 19:39:37,RETURNED,SOUTH
522,56,2025-10-04 17:57:57,SHIPPED,SOUTH
523,75,2026-01-02 08:30:18,PLACED,WEST
524,25,2025-05-05 04:51:38,RETURNED,CENTRAL
525,166,2025-07-08 14:36:38,RETURNED,SOUTH
526,104,2025-10-19 11:58:34,SHIPPED,NORTH
527,337,2026-03-30 00:42:10,PLACED,WEST
528,1,2024-08-25 05:52:04,CANCELLED,CENTRAL
529,394,2025-05-14 07:01:18,CANCELLED,EAST
530,365,2024-12-26 00:12:02,DELIVERED,EAST
531,138,2025-04-23 14:06:59,RETURNED,CENTRAL
532,252,2025-08-12 08:29:35,PLACED,SOUTH
533,0,2025-12-31 09:59:49,SHIPPED,NORTH
534,106,2025-08-17 07:14:59,PLACED,WEST
535,396,2025-08-29 00:00:00,PLACED,NORTH
536,106,2026-05-10 18:03:51,DELIVERED,NORTH
537,190,2025-11-29 14:41:22,RETURNED,EAST
538,428,2024-11-13 04:16:58,DELIVERED,NORTH
539,0,2025-12-14 08:47:39,DELIVERED,WEST
540,221,2024-08-03 20:23:30,PLACED,SOUTH
541,486,2026-05-20 04:02:48,DELIVERED,EAST
542,200,2026-02-01 17:43:27,SHIPPED,CENTRAL
543,288,2024-12-24 14:57:00,DELIVERED,WEST
544,166,2026-03-26 13:42:58,CANCELLED,NORTH
545,42,2025-03-21 00:00:00,DELIVERED,EAST
546,330,2025-04-10 16:43:53,CANCELLED,NORTH
547,473,2025-07-08 14:56:13,DELIVERED,CENTRAL
548,99,2025-12-06 13:28:36,CANCELLED,CENTRAL
549,334,2025-08-09 13:02:00,RETURNED,EAST
550,354,2026-07-07 16:35:26,RETURNED,CENTRAL
551,331,2024-10-19 14:22:02,SHIPPED,CENTRAL
552,44,2025-12-01 00:33:40,DELIVERED,WEST
553,256,2025-10-08 22:51:38,PLACED,WEST
554,143,2024-11-20 12:48:22,SHIPPED,CENTRAL
555,88,2025-12-11 18:04:53,CANCELLED,WEST
556,0,2026-01-09 18:38:37,RETURNED,CENTRAL
557,265,2025-09-22 13:54:44,DELIVERED,SOUTH
558,4,2026-03-13 11:47:35,CANCELLED,EAST
559,114,2025-08-18 03:35:54,CANCELLED,SOUTH
560,0,2025-08-07 14:47:48,SHIPPED,EAST
561,148,2026-02-16 12:20:18,CANCELLED,SOUTH
562,328,2024-08-07 01:52:33,RETURNED,EAST
563,182,2024-07-13 22:04:03,PLACED,CENTRAL
564,138,2025-10-07 00:04:09,PLACED,SOUTH
565,298,2025-09-11 06:28:04,CANCELLED,NORTH
566,345,2026-06-13 02:05:13,RETURNED,CENTRAL
567,0,2025-08-10 22:13:12,RETURNED,WEST
568,33,2026-06-28 03:38:56,PLACED,CENTRAL
569,446,2025-05-26 03:49:18,DELIVERED,WEST
570,135,2025-07-05 06:54:41,RETURNED,WEST
571,167,2025-08-05 12:45:03,RETURNED,CENTRAL
572,126,2026-03-15 19:28:26,DELIVERED,EAST
573,26,2024-12-01 11:16:20,SHIPPED,NORTH
574,440,2025-08-14 17:24:20,CANCELLED,EAST
575,351,2025-12-17 06:01:37,CANCELLED,EAST
576,358,2025-07-09 09:06:34,PLACED,SOUTH
577,17,2025-02-03 07:58:36,SHIPPED,WEST
578,407,2024-10-10 10:11:02,DELIVERED,SOUTH
579,223,2025-08-07 13:23:44,CANCELLED,SOUTH
580,351,2026-01-28 05:08:36,DELIVERED,WEST
581,222,2025-09-30 21:42:50,RETURNED,NORTH
582,482,2025-02-21 16:47:17,RETURNED,CENTRAL
583,0,2026-05-17 06:45:33,PLACED,NORTH
584,402,2026-01-15 12:04:14,DELIVERED,NORTH
585,155,2025-01-30 06:39:16,RETURNED,SOUTH
586,94,2026-05-25 09:05:13,DELIVERED,WEST
587,185,2026-01-30 12:13:59,CANCELLED,EAST
588,0,2026-06-14 22:38:11,SHIPPED,WEST
589,318,2025-12-03 19:07:36,RETURNED,CENTRAL
590,403,2025-05-08 12:08:27,CANCELLED,NORTH
591,396,2026-01-24 08:12:55,DELIVERED,EAST
592,282,2025-11-27 10:38:49,CANCELLED,SOUTH
593,42,2025-06-08 00:00:00,PLACED,WEST
594,426,2026-04-20 12:41:44,RETURNED,NORTH
595,146,2024-10-27 12:36:29,DELIVERED,CENTRAL
596,149,2025-12-30 14:08:36,DELIVERED,SOUTH
597,127,2025-07-26 16:21:15,DELIVERED,CENTRAL
598,262,2025-04-02 17:14:39,RETURNED,EAST
599,483,2026-06-15 13:46:40,DELIVERED,EAST
600,221,2026-09-02 00:00:00,CANCELLED,SOUTH
601,163,2024-12-18 00:44:29,RETURNED,WEST
602,491,2024-08-19 19:58:50,CANCELLED,CENTRAL
603,88,2025-09-06 14:59:16,DELIVERED,EAST
604,48,2025-12-04 15:11:04,SHIPPED,NORTH
605,407,2024-12-26 17:09:03,RETURNED,EAST
606,314,2024-07-19 10:28:18,CANCELLED,CENTRAL
607,1,2024-11-10 13:06:40,RETURNED,CENTRAL
608,179,2025-06-30 20:58:56,SHIPPED,EAST
609,0,2024-07-25 09:46:18,SHIPPED,SOUTH
610,0,2026-07-03 21:42:21,SHIPPED,SOUTH
611,140,2024-10-18 17:26:12,DELIVERED,EAST
612,284,2024-03-10 00:00:00,DELIVERED,NORTH
613,118,2025-07-28 07:39:54,PLACED,NORTH
614,210,2025-10-06 21:10:38,CANCELLED,WEST
615,74,2024-10-12 00:00:00,CANCELLED,SOUTH
616,378,2025-04-16 00:59:22,SHIPPED,EAST
617,370,2025-08-09 21:54:22,RETURNED,SOUTH
618,270,2025-08-07 03:26:31,DELIVERED,SOUTH
619,68,2026-07-01 02:11:06,SHIPPED,NORTH
620,0,2024-11-04 00:46:35,DELIVERED,EAST
621,302,2025-03-18 15:01:15,PLACED,SOUTH
622,98,2026-05-09 07:33:54,CANCELLED,EAST
623,350,2026-03-18 17:37:59,SHIPPED,CENTRAL
624,246,2025-11-30 15:32:11,CANCELLED,NORTH
625,33,2024-11-28 23:44:23,SHIPPED,SOUTH
626,9,2025-01-15 06:12:45,SHIPPED,NORTH
627,65,2026-07-06 06:13:28,SHIPPED,NORTH
628,332,2025-07-09 16:48:37,CANCELLED,SOUTH
629,65,2025-08-20 12:28:31,PLACED,EAST
630,379,2024-11-19 11:10:35,PLACED,CENTRAL
631,48,2026-07-05 03:20:21,SHIPPED,SOUTH
632,471,2025-03-04 02:13:58,SHIPPED,SOUTH
633,126,2025-02-27 00:00:00,SHIPPED,WEST
634,39,2025-08-14 22:13:33,SHIPPED,WEST
635,235,2025-09-11 16:09:02,PLACED,EAST
636,67,2025-02-15 15:55:13,PLACED,SOUTH
637,41,2026-05-17 13:34:25,PLACED,NORTH
638,269,2025-02-17 18:50:25,DELIVERED,SOUTH
639,326,2026-05-08 19:46:04,CANCELLED,CENTRAL
640,150,2026-01-22 20:55:57,RETURNED,WEST
641,402,2024-11-08 01:56:58,PLACED,CENTRAL
642,145,2026-01-20 01:01:06,DELIVERED,CENTRAL
643,475,2024-11-17 21:18:21,CANCELLED,SOUTH
644,130,2024-11-08 04:43:49,DELIVERED,NORTH
645,384,2025-12-29 15:14:48,DELIVERED,WEST
646,394,2025-05-10 09:26:37,CANCELLED,CENTRAL
647,17,2026-03-09 07:34:57,SHIPPED,SOUTH
648,500,2026-03-31 22:43:24,CANCELLED,CENTRAL
649,483,2025-06-04 22:11:02,SHIPPED,NORTH
650,98,2025-07-05 00:00:00,DELIVERED,WEST
651,474,2025-03-27 22:03:36,DELIVERED,SOUTH
652,146,2025-10-24 16:55:47,PLACED,NORTH
653,427,2024-12-06 05:15:27,CANCELLED,EAST
654,121,2025-08-12 07:53:04,SHIPPED,EAST
655,265,2026-02-24 10:52:09,DELIVERED,EAST
656,471,2025-06-21 05:34:12,SHIPPED,WEST
657,164,2026-05-15 03:24:37,DELIVERED,NORTH
658,125,2026-03-31 08:39:36,SHIPPED,CENTRAL
659,56,2026-01-02 20:40:28,PLACED,SOUTH
660,205,2024-07-08 00:00:00,SHIPPED,CENTRAL
661,236,2025-12-03 19:49:52,CANCELLED,NORTH
662,261,2026-05-27 02:51:36,RETURNED,SOUTH
663,426,2025-02-02 15:08:01,DELIVERED,CENTRAL
664,118,2026-03-10 02:13:22,CANCELLED,WEST
665,465,2025-08-27 16:22:46,DELIVERED,NORTH
666,236,2025-10-06 12:14:41,SHIPPED,CENTRAL
667,462,2026-01-15 10:41:08,PLACED,EAST
668,304,2025-07-15 12:19:28,DELIVERED,CENTRAL
669,304,2024-10-27 04:18:10,CANCELLED,EAST
670,253,2026-02-19 00:45:23,DELIVERED,SOUTH
671,197,2025-02-19 00:00:00,PLACED,NORTH
672,120,2026-01-31 23:13:48,SHIPPED,WEST
673,448,2024-12-14 08:55:51,PLACED,NORTH
674,248,2025-11-21 00:00:00,DELIVERED,EAST
675,484,2026-03-14 04:36:36,PLACED,SOUTH
676,0,2025-04-16 18:44:18,DELIVERED,NORTH
677,229,2025-09-09 14:36:52,CANCELLED,CENTRAL
678,497,2025-12-11 10:17:22,RETURNED,CENTRAL
679,301,2026-04-21 17:54:00,DELIVERED,NORTH
680,19,2026-02-17 11:13:37,RETURNED,WEST
681,13,2026-03-30 16:48:16,CANCELLED,SOUTH
682,404,2025-02-22 17:11:03,PLACED,NORTH
683,420,2026-03-06 19:42:43,DELIVERED,WEST
684,359,2025-02-22 12:42:09,DELIVERED,NORTH
685,444,2024-07-26 20:34:18,PLACED,CENTRAL
686,297,2024-12-02 05:19:56,PLACED,SOUTH
687,218,2025-09-01 00:00:00,PLACED,EAST
688,388,2024-12-08 22:39:15,PLACED,EAST
689,439,2026-06-15 03:02:58,CANCELLED,EAST
690,144,2024-10-20 17:07:12,CANCELLED,WEST
691,11,2024-07-27 09:29:03,RETURNED,CENTRAL
692,0,2025-11-19 02:59:17,DELIVERED,SOUTH
693,451,2025-03-24 16:06:07,DELIVERED,CENTRAL
694,294,2024-08-05 07:28:52,DELIVERED,WEST
695,0,2025-09-06 00:00:00,DELIVERED,SOUTH
696,394,2025-08-14 03:36:51,RETURNED,NORTH
697,436,2024-10-30 03:22:00,RETURNED,CENTRAL
698,0,2025-08-08 16:13:40,DELIVERED,CENTRAL
699,71,2024-10-31 08:36:52,CANCELLED,EAST
700,0,2024-09-03 23:10:21,CANCELLED,EAST
701,0,2026-04-21 07:33:54,CANCELLED,SOUTH
702,359,2026-03-22 15:55:57,PLACED,SOUTH
703,478,2024-12-09 13:27:18,PLACED,CENTRAL
704,472,2024-09-22 11:38:09,CANCELLED,WEST
705,0,2025-10-03 09:04:09,SHIPPED,CENTRAL
706,227,2024-08-05 10:35:44,CANCELLED,WEST
707,460,2025-06-22 00:00:00,SHIPPED,WEST
708,192,2026-03-31 01:33:20,PLACED,CENTRAL
709,294,2025-02-07 00:36:21,SHIPPED,SOUTH
710,484,2025-08-31 12:50:19,PLACED,WEST
711,178,2025-03-11 23:01:31,DELIVERED,NORTH
712,141,2024-11-17 03:27:02,RETURNED,WEST
713,139,2024-12-16 17:29:25,RETURNED,CENTRAL
714,382,2025-02-24 23:56:13,SHIPPED,NORTH
715,80,2025-09-29 05:54:52,SHIPPED,CENTRAL
716,411,2025-08-02 16:06:59,DELIVERED,CENTRAL
717,11,2026-04-08 12:27:43,PLACED,WEST
718,244,2025-05-13 05:20:32,DELIVERED,WEST
719,474,2025-04-02 05:02:58,PLACED,CENTRAL
720,259,2026-05-01 12:56:43,SHIPPED,CENTRAL
721,63,2025-05-22 18:42:13,SHIPPED,CENTRAL
722,221,2026-03-08 13:26:32,DELIVERED,WEST
723,67,2025-03-22 15:10:20,PLACED,WEST
724,336,2024-10-11 14:23:44,CANCELLED,NORTH
725,321,2025-07-18 12:41:04,CANCELLED,NORTH
726,212,2026-05-22 06:40:46,PLACED,EAST
727,386,2026-06-17 02:14:22,DELIVERED,NORTH
728,224,2026-05-30 18:21:44,DELIVERED,WEST
729,306,2024-10-07 23:41:41,CANCELLED,NORTH
730,412,2025-01-14 16:17:55,CANCELLED,EAST
731,55,2026-02-14 00:23:15,CANCELLED,CENTRAL
732,435,2026-03-04 21:00:42,SHIPPED,SOUTH
733,314,2025-05-01 13:26:59,CANCELLED,WEST
734,105,2026-05-22 03:07:13,PLACED,EAST
735,481,2026-05-22 04:11:23,PLACED,EAST
736,437,2025-07-22 18:28:07,SHIPPED,EAST
737,366,2024-12-20 09:26:52,DELIVERED,WEST
738,222,2024-03-12 00:00:00,SHIPPED,CENTRAL
739,363,2025-03-29 12:47:14,DELIVERED,CENTRAL
740,254,2024-11-01 03:35:29,RETURNED,EAST
741,189,2025-03-03 00:00:00,SHIPPED,CENTRAL
742,254,2025-08-09 13:21:26,RETURNED,WEST
743,445,2026-05-23 17:25:49,PLACED,SOUTH
744,143,2025-08-15 12:21:05,RETURNED,SOUTH
745,371,2025-10-03 02:52:45,SHIPPED,EAST
746,447,2025-03-08 21:01:28,SHIPPED,NORTH
747,0,2025-01-04 04:47:28,CANCELLED,CENTRAL
748,0,2024-09-13 17:26:22,DELIVERED,NORTH
749,169,2024-09-06 09:27:11,PLACED,NORTH
750,495,2025-04-08 02:43:25,SHIPPED,CENTRAL
751,232,2026-01-30 12:35:30,DELIVERED,EAST
752,110,2025-02-15 13:16:11,SHIPPED,WEST
753,273,2025-09-26 01:39:30,CANCELLED,CENTRAL
754,363,2024-10-22 22:49:24,CANCELLED,WEST
755,423,2024-11-19 21:44:49,SHIPPED,CENTRAL
756,473,2024-07-21 00:00:00,CANCELLED,NORTH
757,458,2025-01-23 00:37:46,PLACED,NORTH
758,155,2024-12-22 21:08:51,DELIVERED,WEST
759,192,2024-12-11 13:59:03,CANCELLED,WEST
760,24,2025-04-07 01:47:20,SHIPPED,EAST
761,43,2025-08-05 14:45:43,SHIPPED,NORTH
762,49,2026-06-01 23:35:18,PLACED,CENTRAL
763,316,2024-11-19 05:12:18,CANCELLED,EAST
764,354,2026-04-18 22:41:52,CANCELLED,CENTRAL
765,408,2024-09-21 03:09:57,CANCELLED,SOUTH
766,488,2025-10-18 04:55:07,SHIPPED,SOUTH
767,80,2024-09-17 07:43:26,RETURNED,WEST
768,88,2025-08-21 11:37:58,PLACED,EAST
769,144,2024-10-26 07:23:00,DELIVERED,SOUTH
770,340,2025-12-29 03:55:17,PLACED,EAST
771,163,2025-07-18 00:00:00,CANCELLED,EAST
772,446,2024-11-15 07:53:49,RETURNED,EAST
773,268,2025-06-25 13:56:00,DELIVERED,CENTRAL
774,250,2025-02-25 21:10:17,CANCELLED,EAST
775,335,2025-06-16 00:00:00,PLACED,NORTH
776,493,2025-03-10 17:21:58,PLACED,EAST
777,102,2026-02-20 10:45:39,PLACED,WEST
778,38,2026-01-03 12:27:55,SHIPPED,WEST
779,329,2024-11-07 04:45:30,CANCELLED,SOUTH
780,67,2026-01-13 01:29:21,DELIVERED,EAST
781,2,2026-06-24 19:52:26,SHIPPED,EAST
782,358,2025-12-17 17:38:11,RETURNED,CENTRAL
783,333,2026-06-17 02:01:18,SHIPPED,EAST
784,189,2024-09-29 01:10:24,RETURNED,EAST
785,147,2025-09-12 23:28:59,CANCELLED,NORTH
786,141,2026-06-04 00:00:00,DELIVERED,WEST
787,490,2026-06-23 19:09:37,PLACED,NORTH
788,265,2026-04-18 08:49:22,SHIPPED,EAST
789,393,2025-12-04 12:06:50,PLACED,NORTH
790,0,2025-03-12 01:20:22,CANCELLED,EAST
791,42,2025-03-25 00:00:00,CANCELLED,SOUTH
792,337,2025-09-21 00:00:00,SHIPPED,NORTH
793,208,2025-10-15 14:50:49,RETURNED,CENTRAL
794,413,2025-03-24 18:02:59,CANCELLED,EAST
795,226,2025-11-10 07:02:43,SHIPPED,WEST
796,480,2024-07-20 02:09:03,PLACED,WEST
797,429,2026-04-07 20:32:24,PLACED,WEST
798,53,2026-02-09 17:00:42,CANCELLED,NORTH
799,163,2025-11-07 12:31:39,SHIPPED,WEST
800,360,2024-12-16 18:54:55,PLACED,NORTH
801,330,2025-10-04 23:52:15,RETURNED,CENTRAL
802,103,2026-01-28 10:39:36,CANCELLED,SOUTH
803,115,2024-07-11 23:59:03,PLACED,EAST
804,233,2026-06-11 09:15:37,DELIVERED,SOUTH
805,349,2026-01-20 04:32:41,PLACED,SOUTH
806,167,2026-11-01 00:00:00,PLACED,NORTH
807,349,2026-05-05 12:53:08,DELIVERED,EAST
808,239,2026-03-13 03:48:09,SHIPPED,NORTH
809,253,2024-09-01 13:21:39,SHIPPED,CENTRAL
810,179,2026-01-26 09:15:47,CANCELLED,NORTH
811,466,2024-10-20 14:56:07,PLACED,SOUTH
812,16,2025-03-06 11:58:55,RETURNED,NORTH
813,274,2024-08-08 04:55:57,DELIVERED,NORTH
814,417,2026-04-11 04:53:15,PLACED,WEST
815,216,2025-05-05 15:49:40,SHIPPED,EAST
816,453,2025-04-14 05:48:11,SHIPPED,CENTRAL
817,485,2025-02-24 02:50:03,SHIPPED,SOUTH
818,167,2024-11-28 04:08:41,RETURNED,EAST
819,335,2024-10-30 23:54:25,PLACED,NORTH
820,449,2024-08-11 17:40:31,CANCELLED,WEST
821,414,2025-07-23 04:59:13,PLACED,NORTH
822,485,2025-03-25 05:20:56,RETURNED,WEST
823,263,2026-04-17 02:48:57,PLACED,EAST
824,43,2024-12-24 01:58:11,DELIVERED,NORTH
825,159,2026-05-22 20:10:35,DELIVERED,SOUTH
826,371,2024-08-20 13:00:19,CANCELLED,CENTRAL
827,183,2025-05-17 21:15:42,CANCELLED,WEST
828,332,2024-07-25 00:00:00,SHIPPED,NORTH
829,96,2025-01-21 17:05:14,SHIPPED,EAST
830,11,2026-03-17 10:09:25,CANCELLED,NORTH
831,304,2025-04-14 01:27:18,DELIVERED,SOUTH
832,253,2024-09-26 12:32:40,RETURNED,EAST
833,84,2026-06-12 21:22:00,RETURNED,EAST
834,343,2025-10-30 04:08:42,PLACED,EAST
835,48,2026-06-01 09:57:44,RETURNED,NORTH
836,282,2024-12-18 21:04:50,PLACED,CENTRAL
837,216,2024-11-11 11:54:22,PLACED,WEST
838,280,2024-07-17 20:19:47,DELIVERED,SOUTH
839,288,2025-07-12 20:56:32,SHIPPED,CENTRAL
840,265,2026-05-11 04:48:19,CANCELLED,CENTRAL
841,47,2026-05-07 12:50:52,CANCELLED,SOUTH
842,142,2025-01-23 18:14:01,RETURNED,WEST
843,409,2025-01-22 01:33:34,PLACED,CENTRAL
844,139,2024-12-31 02:49:55,DELIVERED,CENTRAL
845,253,2025-04-21 07:18:37,CANCELLED,WEST
846,3,2026-06-04 08:09:58,DELIVERED,SOUTH
847,386,2024-10-12 03:19:42,CANCELLED,CENTRAL
848,0,2026-03-29 02:45:05,DELIVERED,WEST
849,0,2024-09-20 03:27:26,RETURNED,CENTRAL
850,288,2026-02-14 10:09:29,SHIPPED,CENTRAL
851,360,2025-11-20 12:48:33,DELIVERED,NORTH
852,497,2024-08-13 09:33:38,DELIVERED,SOUTH
853,271,2025-06-14 23:25:28,SHIPPED,WEST
854,89,2024-12-17 19:33:55,CANCELLED,SOUTH
855,102,2024-09-30 12:11:51,PLACED,NORTH
856,144,2025-06-14 13:07:31,SHIPPED,SOUTH
857,107,2025-06-29 14:45:44,RETURNED,NORTH
858,212,2025-07-01 00:34:08,RETURNED,WEST
859,14,2026-06-24 00:00:00,PLACED,EAST
860,475,2025-11-04 10:01:11,DELIVERED,CENTRAL
861,475,2025-11-29 12:39:21,SHIPPED,CENTRAL
862,438,2025-08-11 00:25:26,CANCELLED,EAST
863,423,2025-06-22 04:00:55,SHIPPED,WEST
864,212,2025-08-31 03:23:08,SHIPPED,EAST
865,427,2025-01-23 07:56:27,DELIVERED,NORTH
866,87,2025-11-02 14:45:59,CANCELLED,SOUTH
867,147,2025-03-25 14:46:13,SHIPPED,CENTRAL
868,348,2026-04-04 06:24:12,DELIVERED,EAST
869,390,2026-02-21 11:47:13,PLACED,WEST
870,0,2025-09-17 05:18:23,PLACED,WEST
871,375,2025-06-28 10:42:32,DELIVERED,SOUTH
872,394,2026-01-14 14:56:27,SHIPPED,SOUTH
873,158,2025-12-10 00:00:00,CANCELLED,WEST
874,279,2025-03-16 13:44:48,SHIPPED,SOUTH
875,246,2026-07-02 00:00:00,RETURNED,EAST
876,393,2025-12-18 03:34:30,RETURNED,CENTRAL
877,397,2025-07-03 00:00:00,DELIVERED,CENTRAL
878,277,2026-05-17 23:18:08,PLACED,EAST
879,57,2025-03-17 20:49:58,RETURNED,CENTRAL
880,70,2024-09-26 00:00:00,CANCELLED,SOUTH
881,146,2026-06-07 11:57:13,DELIVERED,WEST
882,151,2026-03-31 15:08:20,SHIPPED,EAST
883,146,2025-02-24 17:05:27,DELIVERED,NORTH
884,415,2025-01-28 14:42:38,PLACED,NORTH
885,115,2025-02-28 06:00:04,DELIVERED,WEST
886,72,2025-07-28 19:48:51,SHIPPED,WEST
887,62,2025-06-24 05:42:25,DELIVERED,NORTH
888,443,2026-04-03 09:17:13,CANCELLED,CENTRAL
889,209,2026-06-29 07:58:18,SHIPPED,WEST
890,453,2024-07-16 09:08:34,PLACED,WEST
891,53,2026-03-26 05:59:17,PLACED,CENTRAL
892,59,2025-12-15 03:00:37,CANCELLED,CENTRAL
893,303,2025-10-25 05:40:10,PLACED,EAST
894,475,2025-02-12 10:03:54,SHIPPED,NORTH
895,0,2024-07-13 10:27:04,SHIPPED,SOUTH
896,65,2025-12-16 00:30:47,CANCELLED,NORTH
897,394,2024-09-12 16:24:33,DELIVERED,SOUTH
898,109,2026-03-04 20:42:54,RETURNED,NORTH
899,0,2024-08-05 19:00:01,RETURNED,CENTRAL
900,67,2025-06-23 16:29:33,PLACED,SOUTH
901,345,2026-05-24 10:44:31,RETURNED,NORTH
902,238,2024-09-12 13:26:46,CANCELLED,NORTH
903,80,2024-08-22 00:00:00,CANCELLED,SOUTH
904,324,2025-05-15 14:15:18,SHIPPED,SOUTH
905,184,2024-11-17 04:22:31,PLACED,CENTRAL
906,366,2025-04-20 20:45:55,RETURNED,WEST
907,331,2025-06-23 03:41:57,CANCELLED,CENTRAL
908,2,2026-04-10 00:24:37,PLACED,NORTH
909,266,2025-11-06 23:15:29,SHIPPED,CENTRAL
910,147,2026-04-19 09:33:55,DELIVERED,CENTRAL
911,0,2025-04-13 04:59:37,PLACED,CENTRAL
912,420,2025-03-16 22:15:03,DELIVERED,CENTRAL
913,56,2025-01-13 02:40:59,CANCELLED,EAST
914,151,2024-08-07 07:14:31,SHIPPED,EAST
915,245,2025-03-27 02:04:17,SHIPPED,SOUTH
916,376,2025-01-24 10:26:48,CANCELLED,NORTH
917,357,2025-08-27 18:27:44,DELIVERED,WEST
918,443,2026-07-03 19:53:55,DELIVERED,SOUTH
919,400,2024-12-06 04:56:57,PLACED,WEST
920,16,2026-04-22 19:22:36,CANCELLED,SOUTH
921,15,2025-11-30 05:04:42,CANCELLED,WEST
922,380,2024-12-17 18:32:25,CANCELLED,NORTH
923,180,2025-04-25 11:30:50,SHIPPED,EAST
924,0,2025-01-02 09:09:46,DELIVERED,CENTRAL
925,319,2026-02-03 20:40:31,RETURNED,SOUTH
926,345,2025-05-11 10:22:39,RETURNED,EAST
927,101,2026-04-16 08:59:55,CANCELLED,EAST
928,306,2024-09-11 20:29:19,CANCELLED,CENTRAL
929,11,2024-07-22 01:45:32,CANCELLED,EAST
930,389,2025-10-08 23:52:21,CANCELLED,WEST
931,174,2025-01-20 14:07:09,DELIVERED,CENTRAL
932,237,2026-04-24 21:55:20,CANCELLED,EAST
933,492,2026-05-21 19:51:03,RETURNED,EAST
934,171,2026-05-20 04:34:11,SHIPPED,SOUTH
935,293,2024-11-02 15:35:54,PLACED,CENTRAL
936,86,2024-09-14 05:59:07,PLACED,WEST
937,333,2024-11-26 22:08:59,RETURNED,SOUTH
938,248,2025-12-28 00:55:54,SHIPPED,CENTRAL
939,363,2024-07-21 16:07:48,SHIPPED,EAST
940,390,2025-11-29 16:07:36,PLACED,CENTRAL
941,258,2024-08-24 19:19:53,CANCELLED,EAST
942,449,2024-07-11 15:51:46,PLACED,NORTH
943,111,2024-09-21 15:04:50,CANCELLED,WEST
944,350,2026-06-10 16:20:50,RETURNED,NORTH
945,17,2026-05-10 20:57:17,RETURNED,CENTRAL
946,181,2025-02-23 13:39:16,RETURNED,SOUTH
947,259,2025-01-28 07:53:50,RETURNED,WEST
948,376,2025-02-14 14:43:10,RETURNED,NORTH
949,358,2025-12-31 00:00:00,CANCELLED,NORTH
950,0,2024-07-15 18:53:56,DELIVERED,NORTH
951,257,2025-09-20 00:28:26,SHIPPED,EAST
952,252,2024-12-12 08:07:24,RETURNED,WEST
953,233,2024-10-17 23:49:56,SHIPPED,WEST
954,60,2026-03-30 06:14:28,CANCELLED,NORTH
955,0,2025-05-06 18:55:03,SHIPPED,EAST
956,159,2025-08-26 16:26:02,RETURNED,NORTH
957,464,2026-07-02 00:00:00,DELIVERED,CENTRAL
958,238,2025-09-07 11:46:31,SHIPPED,SOUTH
959,140,2025-07-18 20:06:30,PLACED,SOUTH
960,170,2025-05-11 15:19:58,DELIVERED,SOUTH
961,479,2024-12-03 01:23:33,RETURNED,SOUTH
962,402,2026-01-22 20:45:50,DELIVERED,SOUTH
963,47,2025-08-10 07:41:09,PLACED,WEST
964,301,2024-12-05 13:15:56,DELIVERED,SOUTH
965,331,2025-08-02 08:04:04,SHIPPED,CENTRAL
966,7,2025-09-03 07:48:54,PLACED,CENTRAL
967,390,2026-03-16 05:25:03,SHIPPED,NORTH
968,143,2025-06-02 00:56:38,DELIVERED,NORTH
969,16,2024-10-04 09:29:21,SHIPPED,CENTRAL
970,331,2024-09-19 16:49:48,CANCELLED,SOUTH
971,116,2026-04-05 12:15:36,PLACED,EAST
972,318,2025-05-14 04:20:10,PLACED,CENTRAL
973,137,2025-02-17 17:08:36,PLACED,CENTRAL
974,58,2025-10-29 18:18:11,RETURNED,WEST
975,411,2026-03-19 09:31:00,PLACED,NORTH
976,155,2025-02-19 10:48:42,PLACED,CENTRAL
977,482,2025-09-03 00:10:55,DELIVERED,CENTRAL
978,366,2025-04-13 21:20:09,DELIVERED,CENTRAL
979,71,2025-05-22 08:12:31,SHIPPED,SOUTH
980,198,2025-06-26 16:42:25,PLACED,EAST
981,0,2025-02-04 02:34:05,RETURNED,WEST
982,382,2025-10-27 14:20:30,RETURNED,WEST
983,238,2024-09-01 03:48:34,PLACED,SOUTH
984,394,2024-08-15 21:00:00,DELIVERED,NORTH
985,209,2024-07-19 15:46:01,DELIVERED,EAST
986,273,2025-01-19 09:03:50,CANCELLED,NORTH
987,112,2025-06-29 01:19:42,PLACED,NORTH
988,195,2025-04-07 16:42:55,SHIPPED,CENTRAL
989,451,2025-11-12 05:05:04,DELIVERED,EAST
990,452,2025-03-02 21:06:51,RETURNED,EAST
991,197,2024-11-02 10:15:17,PLACED,SOUTH
992,157,2026-07-05 13:14:58,RETURNED,CENTRAL
993,30,2026-04-22 00:52:26,RETURNED,WEST
994,211,2025-09-26 17:42:27,CANCELLED,WEST
995,47,2026-03-09 04:41:07,SHIPPED,CENTRAL
996,139,2026-05-11 18:06:05,PLACED,NORTH
997,90,2026-06-13 08:48:29,DELIVERED,EAST
998,490,2025-12-24 02:13:10,PLACED,EAST
999,358,2026-03-15 02:38:28,CANCELLED,CENTRAL
1000,302,2026-01-25 19:36:30,PLACED,NORTH
